model,domain,contrast,n,delta_cosine_mean,delta_cosine_std,positive_rate
clip_b16,face,synonym_minus_negation,50,0.0006016457080841065,0.0026792410520657386,0.56
clip_b16,person,synonym_minus_attribute_exchange,32,-0.014719119295477867,0.029421279245280565,0.4375
clip_b16,person,synonym_minus_color_change,48,0.031091948350270588,0.034117702339096265,0.8541666666666666
clip_b16,person,synonym_minus_negation,36,-0.002054747607972887,0.030492889902699105,0.5
clip_b16,vehicle,synonym_minus_attribute_exchange,15,0.015300099054972332,0.016137905545938733,1.0
clip_b16,vehicle,synonym_minus_color_change,50,0.04012777805328369,0.02647599462828077,1.0
minilm_l6,face,synonym_minus_negation,50,-0.0005990266799926758,0.001803650778233193,0.3
minilm_l6,person,synonym_minus_attribute_exchange,32,-0.019131727516651154,0.025355301399207185,0.3125
minilm_l6,person,synonym_minus_color_change,48,-0.010520165165265402,0.0300554552503075,0.4375
minilm_l6,person,synonym_minus_negation,36,0.0013910465770297581,0.039963513842430035,0.5833333333333334
minilm_l6,vehicle,synonym_minus_attribute_exchange,15,0.005725431442260742,0.008262751110486327,1.0
minilm_l6,vehicle,synonym_minus_color_change,50,0.02395151972770691,0.017653456663297172,0.96
siglip2_b16_224,face,synonym_minus_negation,50,-0.0028156912326812744,0.008320473451993896,0.26
siglip2_b16_224,person,synonym_minus_attribute_exchange,32,-0.010673178359866142,0.04438163210346888,0.46875
siglip2_b16_224,person,synonym_minus_color_change,48,0.03177704165379206,0.055823851126866574,0.7291666666666666
siglip2_b16_224,person,synonym_minus_negation,36,-0.009610704249805875,0.04258780994729019,0.5277777777777778
siglip2_b16_224,vehicle,synonym_minus_attribute_exchange,15,0.011896781126658122,0.014854924123475477,1.0
siglip2_b16_224,vehicle,synonym_minus_color_change,50,0.02102851152420044,0.020188802390595815,0.96
