sample_id,variant_type,words,warnings
person::train::00197_4.png,llm_brief,17,
person::train::00197_4.png,llm_balanced,22,
person::train::00197_4.png,llm_detailed,26,
person::train::00197_4.png,llm_human_description,37,
person::query::26685_1.jpg,llm_brief,15,
person::query::26685_1.jpg,llm_balanced,22,
person::query::26685_1.jpg,llm_detailed,25,
person::query::26685_1.jpg,llm_human_description,23,
person::gallery::26474_5.jpg,llm_brief,18,
person::gallery::26474_5.jpg,llm_balanced,32,
person::gallery::26474_5.jpg,llm_detailed,40,
person::gallery::26474_5.jpg,llm_human_description,47,
person::train::03736_1.jpg,llm_brief,16,
person::train::03736_1.jpg,llm_balanced,28,
person::train::03736_1.jpg,llm_detailed,46,
person::train::03736_1.jpg,llm_human_description,37,
person::query::14604_1.png,llm_brief,20,
person::query::14604_1.png,llm_balanced,22,
person::query::14604_1.png,llm_detailed,26,
person::query::14604_1.png,llm_human_description,30,
vehicle::train_images::19666_c077_02.jpg,llm_brief,4,
vehicle::train_images::19666_c077_02.jpg,llm_balanced,11,
vehicle::train_images::19666_c077_02.jpg,llm_detailed,13,
vehicle::train_images::19666_c077_02.jpg,llm_human_description,19,
vehicle::query_images::20204_c041_01.jpg,llm_brief,5,
vehicle::query_images::20204_c041_01.jpg,llm_balanced,9,
vehicle::query_images::20204_c041_01.jpg,llm_detailed,12,
vehicle::query_images::20204_c041_01.jpg,llm_human_description,20,
vehicle::gallery_images::20591_c110_03.jpg,llm_brief,9,
vehicle::gallery_images::20591_c110_03.jpg,llm_balanced,16,
vehicle::gallery_images::20591_c110_03.jpg,llm_detailed,25,
vehicle::gallery_images::20591_c110_03.jpg,llm_human_description,39,
vehicle::train_images::13184_c012_02.jpg,llm_brief,8,
vehicle::train_images::13184_c012_02.jpg,llm_balanced,19,
vehicle::train_images::13184_c012_02.jpg,llm_detailed,24,
vehicle::train_images::13184_c012_02.jpg,llm_human_description,27,
vehicle::query_images::21022_c078_01.jpg,llm_brief,6,
vehicle::query_images::21022_c078_01.jpg,llm_balanced,11,
vehicle::query_images::21022_c078_01.jpg,llm_detailed,12,
vehicle::query_images::21022_c078_01.jpg,llm_human_description,17,
face::train::170623.jpg,llm_brief,11,
face::train::170623.jpg,llm_balanced,21,
face::train::170623.jpg,llm_detailed,85,
face::train::170623.jpg,llm_human_description,41,
face::test::189457.jpg,llm_brief,20,
face::test::189457.jpg,llm_balanced,38,
face::test::189457.jpg,llm_detailed,62,
face::test::189457.jpg,llm_human_description,44,
face::train::081413.jpg,llm_brief,11,
face::train::081413.jpg,llm_balanced,27,
face::train::081413.jpg,llm_detailed,80,
face::train::081413.jpg,llm_human_description,52,Possible unsupported mood/context inference: serious
face::test::186223.jpg,llm_brief,16,
face::test::186223.jpg,llm_balanced,24,
face::test::186223.jpg,llm_detailed,54,
face::test::186223.jpg,llm_human_description,36,"Possible unsupported mood/context inference: bridal, nice smile"
face::train::137722.jpg,llm_brief,20,
face::train::137722.jpg,llm_balanced,27,
face::train::137722.jpg,llm_detailed,55,
face::train::137722.jpg,llm_human_description,37,
person::train::06597_2.jpg,llm_brief,15,
person::train::06597_2.jpg,llm_balanced,19,
person::train::06597_2.jpg,llm_detailed,19,
person::train::06597_2.jpg,llm_human_description,26,
person::train::10977_1.jpg,llm_brief,27,
person::train::10977_1.jpg,llm_balanced,31,
person::train::10977_1.jpg,llm_detailed,40,
person::train::10977_1.jpg,llm_human_description,52,
person::train::12050_5.jpg,llm_brief,14,
person::train::12050_5.jpg,llm_balanced,21,
person::train::12050_5.jpg,llm_detailed,23,
person::train::12050_5.jpg,llm_human_description,29,
person::train::08529_4.jpg,llm_brief,17,
person::train::08529_4.jpg,llm_balanced,20,
person::train::08529_4.jpg,llm_detailed,23,
person::train::08529_4.jpg,llm_human_description,25,
person::train::01742_4.jpg,llm_brief,25,
person::train::01742_4.jpg,llm_balanced,31,
person::train::01742_4.jpg,llm_detailed,46,
person::train::01742_4.jpg,llm_human_description,42,
person::train::05158_3.jpg,llm_brief,10,
person::train::05158_3.jpg,llm_balanced,16,
person::train::05158_3.jpg,llm_detailed,17,
person::train::05158_3.jpg,llm_human_description,13,
person::train::02167_1.jpg,llm_brief,17,
person::train::02167_1.jpg,llm_balanced,24,
person::train::02167_1.jpg,llm_detailed,33,
person::train::02167_1.jpg,llm_human_description,29,
person::train::00233_10.png,llm_brief,14,
person::train::00233_10.png,llm_balanced,21,
person::train::00233_10.png,llm_detailed,24,
person::train::00233_10.png,llm_human_description,24,
person::train::01108_7.png,llm_brief,17,
person::train::01108_7.png,llm_balanced,20,
person::train::01108_7.png,llm_detailed,23,
person::train::01108_7.png,llm_human_description,22,
person::train::06085_7.jpg,llm_brief,15,
person::train::06085_7.jpg,llm_balanced,24,
person::train::06085_7.jpg,llm_detailed,31,
person::train::06085_7.jpg,llm_human_description,31,
person::train::12462_1.jpg,llm_brief,14,
person::train::12462_1.jpg,llm_balanced,18,
person::train::12462_1.jpg,llm_detailed,16,
person::train::12462_1.jpg,llm_human_description,24,
person::train::01924_2.jpg,llm_brief,20,
person::train::01924_2.jpg,llm_balanced,27,
person::train::01924_2.jpg,llm_detailed,34,
person::train::01924_2.jpg,llm_human_description,32,
person::train::00969_2.png,llm_brief,19,
person::train::00969_2.png,llm_balanced,27,
person::train::00969_2.png,llm_detailed,30,
person::train::00969_2.png,llm_human_description,43,
person::train::09634_1.jpg,llm_brief,14,
person::train::09634_1.jpg,llm_balanced,21,
person::train::09634_1.jpg,llm_detailed,31,
person::train::09634_1.jpg,llm_human_description,40,
person::train::11561_6.jpg,llm_brief,16,
person::train::11561_6.jpg,llm_balanced,29,
person::train::11561_6.jpg,llm_detailed,43,
person::train::11561_6.jpg,llm_human_description,44,
person::train::08528_6.jpg,llm_brief,17,
person::train::08528_6.jpg,llm_balanced,28,
person::train::08528_6.jpg,llm_detailed,35,
person::train::08528_6.jpg,llm_human_description,31,
person::train::01287_5.jpg,llm_brief,19,
person::train::01287_5.jpg,llm_balanced,31,
person::train::01287_5.jpg,llm_detailed,32,
person::train::01287_5.jpg,llm_human_description,33,
person::train::10252_1.jpg,llm_brief,19,
person::train::10252_1.jpg,llm_balanced,36,
person::train::10252_1.jpg,llm_detailed,35,
person::train::10252_1.jpg,llm_human_description,43,
person::train::08924_1.jpg,llm_brief,15,
person::train::08924_1.jpg,llm_balanced,23,
person::train::08924_1.jpg,llm_detailed,32,
person::train::08924_1.jpg,llm_human_description,33,
person::train::02319_1.jpg,llm_brief,19,
person::train::02319_1.jpg,llm_balanced,23,
person::train::02319_1.jpg,llm_detailed,24,
person::train::02319_1.jpg,llm_human_description,31,
person::train::09715_3.jpg,llm_brief,16,
person::train::09715_3.jpg,llm_balanced,17,
person::train::09715_3.jpg,llm_detailed,18,
person::train::09715_3.jpg,llm_human_description,27,
person::train::13508_2.jpg,llm_brief,14,
person::train::13508_2.jpg,llm_balanced,24,
person::train::13508_2.jpg,llm_detailed,29,
person::train::13508_2.jpg,llm_human_description,31,
person::train::09751_6.jpg,llm_brief,12,
person::train::09751_6.jpg,llm_balanced,19,
person::train::09751_6.jpg,llm_detailed,24,
person::train::09751_6.jpg,llm_human_description,22,
person::train::11903_4.jpg,llm_brief,14,
person::train::11903_4.jpg,llm_balanced,29,
person::train::11903_4.jpg,llm_detailed,47,
person::train::11903_4.jpg,llm_human_description,41,
person::train::03720_4.jpg,llm_brief,15,
person::train::03720_4.jpg,llm_balanced,21,
person::train::03720_4.jpg,llm_detailed,21,
person::train::03720_4.jpg,llm_human_description,24,
person::train::26249_12.jpg,llm_brief,16,
person::train::26249_12.jpg,llm_balanced,32,
person::train::26249_12.jpg,llm_detailed,44,
person::train::26249_12.jpg,llm_human_description,52,
person::train::08634_3.jpg,llm_brief,23,
person::train::08634_3.jpg,llm_balanced,48,
person::train::08634_3.jpg,llm_detailed,69,
person::train::08634_3.jpg,llm_human_description,62,
person::train::00837_3.png,llm_brief,18,
person::train::00837_3.png,llm_balanced,25,
person::train::00837_3.png,llm_detailed,33,
person::train::00837_3.png,llm_human_description,36,
person::query::27008_3.jpg,llm_brief,17,
person::query::27008_3.jpg,llm_balanced,23,
person::query::27008_3.jpg,llm_detailed,26,
person::query::27008_3.jpg,llm_human_description,29,
person::query::14994_1.png,llm_brief,19,
person::query::14994_1.png,llm_balanced,28,
person::query::14994_1.png,llm_detailed,26,
person::query::14994_1.png,llm_human_description,29,
person::query::14459_1.png,llm_brief,17,
person::query::14459_1.png,llm_balanced,24,
person::query::14459_1.png,llm_detailed,29,
person::query::14459_1.png,llm_human_description,35,
person::query::26943_3.jpg,llm_brief,14,
person::query::26943_3.jpg,llm_balanced,16,
person::query::26943_3.jpg,llm_detailed,16,
person::query::26943_3.jpg,llm_human_description,23,
person::query::26789_3.jpg,llm_brief,17,
person::query::26789_3.jpg,llm_balanced,23,
person::query::26789_3.jpg,llm_detailed,26,
person::query::26789_3.jpg,llm_human_description,29,
person::query::26935_2.jpg,llm_brief,16,
person::query::26935_2.jpg,llm_balanced,18,
person::query::26935_2.jpg,llm_detailed,20,
person::query::26935_2.jpg,llm_human_description,22,
person::query::27100_1.jpg,llm_brief,20,
person::query::27100_1.jpg,llm_balanced,27,
person::query::27100_1.jpg,llm_detailed,22,
person::query::27100_1.jpg,llm_human_description,33,
person::query::26761_2.jpg,llm_brief,14,
person::query::26761_2.jpg,llm_balanced,18,
person::query::26761_2.jpg,llm_detailed,17,
person::query::26761_2.jpg,llm_human_description,26,
person::gallery::27153_5.jpg,llm_brief,11,
person::gallery::27153_5.jpg,llm_balanced,16,
person::gallery::27153_5.jpg,llm_detailed,18,
person::gallery::27153_5.jpg,llm_human_description,16,
person::gallery::26789_1.jpg,llm_brief,11,
person::gallery::26789_1.jpg,llm_balanced,14,
person::gallery::26789_1.jpg,llm_detailed,14,
person::gallery::26789_1.jpg,llm_human_description,19,
person::gallery::26721_4.jpg,llm_brief,14,
person::gallery::26721_4.jpg,llm_balanced,16,
person::gallery::26721_4.jpg,llm_detailed,17,
person::gallery::26721_4.jpg,llm_human_description,19,
person::gallery::26991_3.jpg,llm_brief,21,
person::gallery::26991_3.jpg,llm_balanced,30,
person::gallery::26991_3.jpg,llm_detailed,46,
person::gallery::26991_3.jpg,llm_human_description,49,
person::gallery::26735_2.jpg,llm_brief,16,
person::gallery::26735_2.jpg,llm_balanced,34,
person::gallery::26735_2.jpg,llm_detailed,37,
person::gallery::26735_2.jpg,llm_human_description,44,
person::gallery::14888_1.png,llm_brief,17,
person::gallery::14888_1.png,llm_balanced,29,
person::gallery::14888_1.png,llm_detailed,35,
person::gallery::14888_1.png,llm_human_description,32,
person::gallery::26774_3.jpg,llm_brief,17,
person::gallery::26774_3.jpg,llm_balanced,28,
person::gallery::26774_3.jpg,llm_detailed,27,
person::gallery::26774_3.jpg,llm_human_description,36,
person::gallery::15309_3.png,llm_brief,13,
person::gallery::15309_3.png,llm_balanced,17,
person::gallery::15309_3.png,llm_detailed,17,
person::gallery::15309_3.png,llm_human_description,25,
person::gallery::15194_3.png,llm_brief,17,
person::gallery::15194_3.png,llm_balanced,26,
person::gallery::15194_3.png,llm_detailed,32,
person::gallery::15194_3.png,llm_human_description,35,
vehicle::train_images::13608_c139_04.jpg,llm_brief,7,
vehicle::train_images::13608_c139_04.jpg,llm_balanced,18,
vehicle::train_images::13608_c139_04.jpg,llm_detailed,21,
vehicle::train_images::13608_c139_04.jpg,llm_human_description,23,
vehicle::train_images::12849_c170_02.jpg,llm_brief,4,
vehicle::train_images::12849_c170_02.jpg,llm_balanced,12,
vehicle::train_images::12849_c170_02.jpg,llm_detailed,10,
vehicle::train_images::12849_c170_02.jpg,llm_human_description,16,
vehicle::train_images::10839_c110_00.jpg,llm_brief,4,
vehicle::train_images::10839_c110_00.jpg,llm_balanced,10,
vehicle::train_images::10839_c110_00.jpg,llm_detailed,18,
vehicle::train_images::10839_c110_00.jpg,llm_human_description,33,
vehicle::train_images::02440_c090_02.jpg,llm_brief,11,
vehicle::train_images::02440_c090_02.jpg,llm_balanced,18,
vehicle::train_images::02440_c090_02.jpg,llm_detailed,34,
vehicle::train_images::02440_c090_02.jpg,llm_human_description,41,
vehicle::train_images::12341_c073_00.jpg,llm_brief,7,
vehicle::train_images::12341_c073_00.jpg,llm_balanced,12,
vehicle::train_images::12341_c073_00.jpg,llm_detailed,14,
vehicle::train_images::12341_c073_00.jpg,llm_human_description,19,
vehicle::train_images::18263_c110_02.jpg,llm_brief,4,
vehicle::train_images::18263_c110_02.jpg,llm_balanced,10,
vehicle::train_images::18263_c110_02.jpg,llm_detailed,13,
vehicle::train_images::18263_c110_02.jpg,llm_human_description,17,
vehicle::train_images::10529_c003_02.jpg,llm_brief,4,
vehicle::train_images::10529_c003_02.jpg,llm_balanced,9,
vehicle::train_images::10529_c003_02.jpg,llm_detailed,13,
vehicle::train_images::10529_c003_02.jpg,llm_human_description,19,
vehicle::train_images::15907_c041_04.jpg,llm_brief,4,
vehicle::train_images::15907_c041_04.jpg,llm_balanced,7,
vehicle::train_images::15907_c041_04.jpg,llm_detailed,7,
vehicle::train_images::15907_c041_04.jpg,llm_human_description,11,
vehicle::train_images::08854_c110_02.jpg,llm_brief,6,
vehicle::train_images::08854_c110_02.jpg,llm_balanced,11,
vehicle::train_images::08854_c110_02.jpg,llm_detailed,12,
vehicle::train_images::08854_c110_02.jpg,llm_human_description,12,
vehicle::train_images::04922_c023_01.jpg,llm_brief,5,
vehicle::train_images::04922_c023_01.jpg,llm_balanced,11,
vehicle::train_images::04922_c023_01.jpg,llm_detailed,14,
vehicle::train_images::04922_c023_01.jpg,llm_human_description,17,
vehicle::train_images::19263_c030_03.jpg,llm_brief,5,
vehicle::train_images::19263_c030_03.jpg,llm_balanced,13,
vehicle::train_images::19263_c030_03.jpg,llm_detailed,17,
vehicle::train_images::19263_c030_03.jpg,llm_human_description,21,
vehicle::train_images::07345_c110_03.jpg,llm_brief,4,
vehicle::train_images::07345_c110_03.jpg,llm_balanced,10,
vehicle::train_images::07345_c110_03.jpg,llm_detailed,20,
vehicle::train_images::07345_c110_03.jpg,llm_human_description,22,
vehicle::train_images::19520_c034_01.jpg,llm_brief,5,
vehicle::train_images::19520_c034_01.jpg,llm_balanced,15,
vehicle::train_images::19520_c034_01.jpg,llm_detailed,21,
vehicle::train_images::19520_c034_01.jpg,llm_human_description,23,
vehicle::train_images::16253_c139_00.jpg,llm_brief,2,
vehicle::train_images::16253_c139_00.jpg,llm_balanced,5,
vehicle::train_images::16253_c139_00.jpg,llm_detailed,6,
vehicle::train_images::16253_c139_00.jpg,llm_human_description,9,
vehicle::train_images::06987_c051_04.jpg,llm_brief,10,
vehicle::train_images::06987_c051_04.jpg,llm_balanced,17,Contains capture/context detail: lighting
vehicle::train_images::06987_c051_04.jpg,llm_detailed,24,Contains capture/context detail: lighting
vehicle::train_images::06987_c051_04.jpg,llm_human_description,22,
vehicle::train_images::05685_c100_04.jpg,llm_brief,6,
vehicle::train_images::05685_c100_04.jpg,llm_balanced,12,
vehicle::train_images::05685_c100_04.jpg,llm_detailed,16,
vehicle::train_images::05685_c100_04.jpg,llm_human_description,19,
vehicle::train_images::16614_c041_04.jpg,llm_brief,4,
vehicle::train_images::16614_c041_04.jpg,llm_balanced,10,
vehicle::train_images::16614_c041_04.jpg,llm_detailed,10,
vehicle::train_images::16614_c041_04.jpg,llm_human_description,14,
vehicle::train_images::13946_c012_04.jpg,llm_brief,2,
vehicle::train_images::13946_c012_04.jpg,llm_balanced,8,
vehicle::train_images::13946_c012_04.jpg,llm_detailed,8,
vehicle::train_images::13946_c012_04.jpg,llm_human_description,12,
vehicle::train_images::14133_c170_01.jpg,llm_brief,8,
vehicle::train_images::14133_c170_01.jpg,llm_balanced,14,
vehicle::train_images::14133_c170_01.jpg,llm_detailed,15,
vehicle::train_images::14133_c170_01.jpg,llm_human_description,20,
vehicle::train_images::16747_c163_03.jpg,llm_brief,4,
vehicle::train_images::16747_c163_03.jpg,llm_balanced,7,
vehicle::train_images::16747_c163_03.jpg,llm_detailed,16,
vehicle::train_images::16747_c163_03.jpg,llm_human_description,19,
vehicle::train_images::05432_c163_04.jpg,llm_brief,4,
vehicle::train_images::05432_c163_04.jpg,llm_balanced,7,
vehicle::train_images::05432_c163_04.jpg,llm_detailed,8,
vehicle::train_images::05432_c163_04.jpg,llm_human_description,11,
vehicle::train_images::19057_c170_04.jpg,llm_brief,11,
vehicle::train_images::19057_c170_04.jpg,llm_balanced,18,
vehicle::train_images::19057_c170_04.jpg,llm_detailed,34,
vehicle::train_images::19057_c170_04.jpg,llm_human_description,48,
vehicle::train_images::04455_c078_00.jpg,llm_brief,10,
vehicle::train_images::04455_c078_00.jpg,llm_balanced,17,
vehicle::train_images::04455_c078_00.jpg,llm_detailed,22,
vehicle::train_images::04455_c078_00.jpg,llm_human_description,23,
vehicle::train_images::14387_c163_04.jpg,llm_brief,4,
vehicle::train_images::14387_c163_04.jpg,llm_balanced,11,
vehicle::train_images::14387_c163_04.jpg,llm_detailed,19,
vehicle::train_images::14387_c163_04.jpg,llm_human_description,23,
vehicle::train_images::09221_c139_03.jpg,llm_brief,4,
vehicle::train_images::09221_c139_03.jpg,llm_balanced,14,
vehicle::train_images::09221_c139_03.jpg,llm_detailed,20,
vehicle::train_images::09221_c139_03.jpg,llm_human_description,28,
vehicle::train_images::04724_c110_02.jpg,llm_brief,3,
vehicle::train_images::04724_c110_02.jpg,llm_balanced,9,
vehicle::train_images::04724_c110_02.jpg,llm_detailed,9,
vehicle::train_images::04724_c110_02.jpg,llm_human_description,11,
vehicle::train_images::08361_c094_04.jpg,llm_brief,4,
vehicle::train_images::08361_c094_04.jpg,llm_balanced,11,
vehicle::train_images::08361_c094_04.jpg,llm_detailed,21,
vehicle::train_images::08361_c094_04.jpg,llm_human_description,23,
vehicle::train_images::03678_c014_03.jpg,llm_brief,13,
vehicle::train_images::03678_c014_03.jpg,llm_balanced,22,
vehicle::train_images::03678_c014_03.jpg,llm_detailed,27,
vehicle::train_images::03678_c014_03.jpg,llm_human_description,31,
vehicle::query_images::20039_c015_00.jpg,llm_brief,9,
vehicle::query_images::20039_c015_00.jpg,llm_balanced,17,
vehicle::query_images::20039_c015_00.jpg,llm_detailed,20,
vehicle::query_images::20039_c015_00.jpg,llm_human_description,31,
vehicle::query_images::20298_c122_00.jpg,llm_brief,2,
vehicle::query_images::20298_c122_00.jpg,llm_balanced,6,
vehicle::query_images::20298_c122_00.jpg,llm_detailed,6,
vehicle::query_images::20298_c122_00.jpg,llm_human_description,8,
vehicle::query_images::21010_c163_01.jpg,llm_brief,10,
vehicle::query_images::21010_c163_01.jpg,llm_balanced,13,
vehicle::query_images::21010_c163_01.jpg,llm_detailed,30,
vehicle::query_images::21010_c163_01.jpg,llm_human_description,28,
vehicle::query_images::20249_c003_00.jpg,llm_brief,4,
vehicle::query_images::20249_c003_00.jpg,llm_balanced,13,
vehicle::query_images::20249_c003_00.jpg,llm_detailed,14,
vehicle::query_images::20249_c003_00.jpg,llm_human_description,16,
vehicle::query_images::20506_c051_01.jpg,llm_brief,4,
vehicle::query_images::20506_c051_01.jpg,llm_balanced,10,
vehicle::query_images::20506_c051_01.jpg,llm_detailed,11,
vehicle::query_images::20506_c051_01.jpg,llm_human_description,15,
vehicle::query_images::21112_c079_00.jpg,llm_brief,12,
vehicle::query_images::21112_c079_00.jpg,llm_balanced,19,
vehicle::query_images::21112_c079_00.jpg,llm_detailed,34,
vehicle::query_images::21112_c079_00.jpg,llm_human_description,40,
vehicle::query_images::20949_c003_01.jpg,llm_brief,8,
vehicle::query_images::20949_c003_01.jpg,llm_balanced,12,
vehicle::query_images::20949_c003_01.jpg,llm_detailed,23,
vehicle::query_images::20949_c003_01.jpg,llm_human_description,31,
vehicle::query_images::20272_c102_00.jpg,llm_brief,4,
vehicle::query_images::20272_c102_00.jpg,llm_balanced,11,
vehicle::query_images::20272_c102_00.jpg,llm_detailed,11,
vehicle::query_images::20272_c102_00.jpg,llm_human_description,14,
vehicle::gallery_images::20535_c170_02.jpg,llm_brief,5,
vehicle::gallery_images::20535_c170_02.jpg,llm_balanced,8,
vehicle::gallery_images::20535_c170_02.jpg,llm_detailed,8,
vehicle::gallery_images::20535_c170_02.jpg,llm_human_description,12,
vehicle::gallery_images::20877_c110_00.jpg,llm_brief,9,
vehicle::gallery_images::20877_c110_00.jpg,llm_balanced,13,
vehicle::gallery_images::20877_c110_00.jpg,llm_detailed,40,
vehicle::gallery_images::20877_c110_00.jpg,llm_human_description,45,
vehicle::gallery_images::20159_c003_00.jpg,llm_brief,4,
vehicle::gallery_images::20159_c003_00.jpg,llm_balanced,11,
vehicle::gallery_images::20159_c003_00.jpg,llm_detailed,19,
vehicle::gallery_images::20159_c003_00.jpg,llm_human_description,28,
vehicle::gallery_images::21199_c014_04.jpg,llm_brief,4,
vehicle::gallery_images::21199_c014_04.jpg,llm_balanced,12,
vehicle::gallery_images::21199_c014_04.jpg,llm_detailed,12,
vehicle::gallery_images::21199_c014_04.jpg,llm_human_description,20,
vehicle::gallery_images::20762_c156_00.jpg,llm_brief,5,
vehicle::gallery_images::20762_c156_00.jpg,llm_balanced,13,
vehicle::gallery_images::20762_c156_00.jpg,llm_detailed,14,
vehicle::gallery_images::20762_c156_00.jpg,llm_human_description,17,
vehicle::gallery_images::20070_c017_01.jpg,llm_brief,11,
vehicle::gallery_images::20070_c017_01.jpg,llm_balanced,22,
vehicle::gallery_images::20070_c017_01.jpg,llm_detailed,33,
vehicle::gallery_images::20070_c017_01.jpg,llm_human_description,29,
vehicle::gallery_images::21216_c003_04.jpg,llm_brief,4,
vehicle::gallery_images::21216_c003_04.jpg,llm_balanced,11,
vehicle::gallery_images::21216_c003_04.jpg,llm_detailed,11,
vehicle::gallery_images::21216_c003_04.jpg,llm_human_description,15,
vehicle::gallery_images::20559_c170_01.jpg,llm_brief,10,
vehicle::gallery_images::20559_c170_01.jpg,llm_balanced,22,
vehicle::gallery_images::20559_c170_01.jpg,llm_detailed,30,
vehicle::gallery_images::20559_c170_01.jpg,llm_human_description,39,
vehicle::gallery_images::20401_c023_03.jpg,llm_brief,11,
vehicle::gallery_images::20401_c023_03.jpg,llm_balanced,20,
vehicle::gallery_images::20401_c023_03.jpg,llm_detailed,21,
vehicle::gallery_images::20401_c023_03.jpg,llm_human_description,28,
face::train::071174.jpg,llm_brief,26,
face::train::071174.jpg,llm_balanced,39,
face::train::071174.jpg,llm_detailed,62,
face::train::071174.jpg,llm_human_description,44,
face::train::166091.jpg,llm_brief,17,
face::train::166091.jpg,llm_balanced,29,
face::train::166091.jpg,llm_detailed,48,
face::train::166091.jpg,llm_human_description,34,
face::train::157804.jpg,llm_brief,16,
face::train::157804.jpg,llm_balanced,31,
face::train::157804.jpg,llm_detailed,59,
face::train::157804.jpg,llm_human_description,40,
face::train::091980.jpg,llm_brief,17,
face::train::091980.jpg,llm_balanced,31,
face::train::091980.jpg,llm_detailed,59,
face::train::091980.jpg,llm_human_description,34,
face::train::121281.jpg,llm_brief,16,
face::train::121281.jpg,llm_balanced,23,
face::train::121281.jpg,llm_detailed,51,
face::train::121281.jpg,llm_human_description,31,
face::train::114832.jpg,llm_brief,32,
face::train::114832.jpg,llm_balanced,40,
face::train::114832.jpg,llm_detailed,60,
face::train::114832.jpg,llm_human_description,40,
face::train::090489.jpg,llm_brief,15,
face::train::090489.jpg,llm_balanced,21,
face::train::090489.jpg,llm_detailed,52,
face::train::090489.jpg,llm_human_description,28,
face::train::008309.jpg,llm_brief,13,
face::train::008309.jpg,llm_balanced,24,
face::train::008309.jpg,llm_detailed,60,
face::train::008309.jpg,llm_human_description,38,
face::train::129132.jpg,llm_brief,13,
face::train::129132.jpg,llm_balanced,35,
face::train::129132.jpg,llm_detailed,62,
face::train::129132.jpg,llm_human_description,50,
face::train::053065.jpg,llm_brief,24,
face::train::053065.jpg,llm_balanced,38,
face::train::053065.jpg,llm_detailed,70,
face::train::053065.jpg,llm_human_description,43,
face::train::143554.jpg,llm_brief,18,
face::train::143554.jpg,llm_balanced,29,
face::train::143554.jpg,llm_detailed,47,
face::train::143554.jpg,llm_human_description,39,
face::train::178182.jpg,llm_brief,18,
face::train::178182.jpg,llm_balanced,26,
face::train::178182.jpg,llm_detailed,56,
face::train::178182.jpg,llm_human_description,48,
face::train::063618.jpg,llm_brief,19,
face::train::063618.jpg,llm_balanced,23,
face::train::063618.jpg,llm_detailed,68,
face::train::063618.jpg,llm_human_description,40,
face::train::089537.jpg,llm_brief,23,
face::train::089537.jpg,llm_balanced,41,
face::train::089537.jpg,llm_detailed,61,
face::train::089537.jpg,llm_human_description,46,
face::train::065762.jpg,llm_brief,11,
face::train::065762.jpg,llm_balanced,28,
face::train::065762.jpg,llm_detailed,68,
face::train::065762.jpg,llm_human_description,32,
face::train::168471.jpg,llm_brief,20,
face::train::168471.jpg,llm_balanced,30,
face::train::168471.jpg,llm_detailed,64,
face::train::168471.jpg,llm_human_description,39,
face::train::101485.jpg,llm_brief,18,
face::train::101485.jpg,llm_balanced,28,
face::train::101485.jpg,llm_detailed,54,
face::train::101485.jpg,llm_human_description,29,
face::train::023736.jpg,llm_brief,19,
face::train::023736.jpg,llm_balanced,33,
face::train::023736.jpg,llm_detailed,65,
face::train::023736.jpg,llm_human_description,55,
face::train::063708.jpg,llm_brief,16,
face::train::063708.jpg,llm_balanced,27,
face::train::063708.jpg,llm_detailed,46,
face::train::063708.jpg,llm_human_description,34,
face::train::138886.jpg,llm_brief,13,
face::train::138886.jpg,llm_balanced,28,
face::train::138886.jpg,llm_detailed,49,
face::train::138886.jpg,llm_human_description,36,
face::train::149220.jpg,llm_brief,18,
face::train::149220.jpg,llm_balanced,25,
face::train::149220.jpg,llm_detailed,58,
face::train::149220.jpg,llm_human_description,37,
face::train::060309.jpg,llm_brief,20,
face::train::060309.jpg,llm_balanced,33,
face::train::060309.jpg,llm_detailed,64,
face::train::060309.jpg,llm_human_description,38,
face::train::025692.jpg,llm_brief,15,
face::train::025692.jpg,llm_balanced,22,
face::train::025692.jpg,llm_detailed,57,
face::train::025692.jpg,llm_human_description,29,
face::train::060555.jpg,llm_brief,12,
face::train::060555.jpg,llm_balanced,19,
face::train::060555.jpg,llm_detailed,43,
face::train::060555.jpg,llm_human_description,33,
face::train::150659.jpg,llm_brief,20,
face::train::150659.jpg,llm_balanced,24,
face::train::150659.jpg,llm_detailed,55,
face::train::150659.jpg,llm_human_description,41,
face::train::026996.jpg,llm_brief,19,
face::train::026996.jpg,llm_balanced,35,
face::train::026996.jpg,llm_detailed,58,
face::train::026996.jpg,llm_human_description,49,
face::train::082954.jpg,llm_brief,12,
face::train::082954.jpg,llm_balanced,18,
face::train::082954.jpg,llm_detailed,57,
face::train::082954.jpg,llm_human_description,26,
face::train::042973.jpg,llm_brief,16,
face::train::042973.jpg,llm_balanced,28,
face::train::042973.jpg,llm_detailed,48,
face::train::042973.jpg,llm_human_description,49,
face::train::092618.jpg,llm_brief,27,
face::train::092618.jpg,llm_balanced,43,
face::train::092618.jpg,llm_detailed,61,
face::train::092618.jpg,llm_human_description,45,
face::train::073196.jpg,llm_brief,13,
face::train::073196.jpg,llm_balanced,21,
face::train::073196.jpg,llm_detailed,60,
face::train::073196.jpg,llm_human_description,30,
face::train::178129.jpg,llm_brief,21,
face::train::178129.jpg,llm_balanced,32,
face::train::178129.jpg,llm_detailed,60,
face::train::178129.jpg,llm_human_description,54,
face::train::123459.jpg,llm_brief,13,
face::train::123459.jpg,llm_balanced,29,
face::train::123459.jpg,llm_detailed,72,
face::train::123459.jpg,llm_human_description,35,
face::train::088914.jpg,llm_brief,16,
face::train::088914.jpg,llm_balanced,23,
face::train::088914.jpg,llm_detailed,33,
face::train::088914.jpg,llm_human_description,25,
face::train::141457.jpg,llm_brief,17,
face::train::141457.jpg,llm_balanced,33,
face::train::141457.jpg,llm_detailed,70,
face::train::141457.jpg,llm_human_description,40,
face::train::001042.jpg,llm_brief,18,
face::train::001042.jpg,llm_balanced,25,
face::train::001042.jpg,llm_detailed,58,
face::train::001042.jpg,llm_human_description,51,
face::train::032580.jpg,llm_brief,23,
face::train::032580.jpg,llm_balanced,48,
face::train::032580.jpg,llm_detailed,84,
face::train::032580.jpg,llm_human_description,50,
face::train::109762.jpg,llm_brief,13,
face::train::109762.jpg,llm_balanced,26,
face::train::109762.jpg,llm_detailed,68,
face::train::109762.jpg,llm_human_description,45,
face::test::185812.jpg,llm_brief,17,
face::test::185812.jpg,llm_balanced,28,
face::test::185812.jpg,llm_detailed,77,
face::test::185812.jpg,llm_human_description,44,
face::test::189858.jpg,llm_brief,11,
face::test::189858.jpg,llm_balanced,16,
face::test::189858.jpg,llm_detailed,49,
face::test::189858.jpg,llm_human_description,42,
face::test::183801.jpg,llm_brief,14,
face::test::183801.jpg,llm_balanced,20,
face::test::183801.jpg,llm_detailed,51,
face::test::183801.jpg,llm_human_description,39,
face::test::188858.jpg,llm_brief,13,
face::test::188858.jpg,llm_balanced,20,
face::test::188858.jpg,llm_detailed,51,
face::test::188858.jpg,llm_human_description,51,
face::test::196777.jpg,llm_brief,15,
face::test::196777.jpg,llm_balanced,30,
face::test::196777.jpg,llm_detailed,66,
face::test::196777.jpg,llm_human_description,41,
face::test::184003.jpg,llm_brief,13,
face::test::184003.jpg,llm_balanced,33,
face::test::184003.jpg,llm_detailed,64,
face::test::184003.jpg,llm_human_description,50,
face::test::201409.jpg,llm_brief,15,
face::test::201409.jpg,llm_balanced,24,
face::test::201409.jpg,llm_detailed,52,
face::test::201409.jpg,llm_human_description,30,
face::test::196611.jpg,llm_brief,13,
face::test::196611.jpg,llm_balanced,24,
face::test::196611.jpg,llm_detailed,54,
face::test::196611.jpg,llm_human_description,29,
person::train::00197_4.png,llm_attribute_list,16,
person::train::00197_4.png,llm_distinctive_first,23,
person::train::03736_1.jpg,llm_attribute_list,14,
person::train::03736_1.jpg,llm_distinctive_first,48,
person::train::06597_2.jpg,llm_attribute_list,14,
person::train::06597_2.jpg,llm_distinctive_first,19,
person::train::10977_1.jpg,llm_attribute_list,24,
person::train::10977_1.jpg,llm_distinctive_first,36,
person::train::12050_5.jpg,llm_attribute_list,16,
person::train::12050_5.jpg,llm_distinctive_first,24,
person::train::08529_4.jpg,llm_attribute_list,17,
person::train::08529_4.jpg,llm_distinctive_first,29,
person::train::01742_4.jpg,llm_attribute_list,31,
person::train::01742_4.jpg,llm_distinctive_first,38,
person::train::05158_3.jpg,llm_attribute_list,11,
person::train::05158_3.jpg,llm_distinctive_first,17,
person::train::02167_1.jpg,llm_attribute_list,24,
person::train::02167_1.jpg,llm_distinctive_first,43,
person::train::00233_10.png,llm_attribute_list,16,
person::train::00233_10.png,llm_distinctive_first,24,
person::train::01108_7.png,llm_attribute_list,18,
person::train::01108_7.png,llm_distinctive_first,26,
person::train::06085_7.jpg,llm_attribute_list,20,
person::train::06085_7.jpg,llm_distinctive_first,32,
person::train::12462_1.jpg,llm_attribute_list,15,
person::train::12462_1.jpg,llm_distinctive_first,19,
person::train::01924_2.jpg,llm_attribute_list,25,
person::train::01924_2.jpg,llm_distinctive_first,33,
person::train::00969_2.png,llm_attribute_list,23,
person::train::00969_2.png,llm_distinctive_first,36,
person::train::09634_1.jpg,llm_attribute_list,22,
person::train::09634_1.jpg,llm_distinctive_first,38,
person::train::11561_6.jpg,llm_attribute_list,30,
person::train::11561_6.jpg,llm_distinctive_first,40,
person::train::08528_6.jpg,llm_attribute_list,26,
person::train::08528_6.jpg,llm_distinctive_first,32,
person::train::01287_5.jpg,llm_attribute_list,19,
person::train::01287_5.jpg,llm_distinctive_first,37,
person::train::10252_1.jpg,llm_attribute_list,25,
person::train::10252_1.jpg,llm_distinctive_first,38,
person::train::08924_1.jpg,llm_attribute_list,18,
person::train::08924_1.jpg,llm_distinctive_first,33,
person::train::02319_1.jpg,llm_attribute_list,19,
person::train::02319_1.jpg,llm_distinctive_first,29,
person::train::09715_3.jpg,llm_attribute_list,11,
person::train::09715_3.jpg,llm_distinctive_first,17,
person::train::13508_2.jpg,llm_attribute_list,18,
person::train::13508_2.jpg,llm_distinctive_first,28,
person::train::09751_6.jpg,llm_attribute_list,15,
person::train::09751_6.jpg,llm_distinctive_first,22,
person::train::11903_4.jpg,llm_attribute_list,28,
person::train::11903_4.jpg,llm_distinctive_first,43,
person::train::03720_4.jpg,llm_attribute_list,19,
person::train::03720_4.jpg,llm_distinctive_first,26,
person::train::26249_12.jpg,llm_attribute_list,30,
person::train::26249_12.jpg,llm_distinctive_first,48,
person::train::08634_3.jpg,llm_attribute_list,49,
person::train::08634_3.jpg,llm_distinctive_first,71,
person::train::00837_3.png,llm_attribute_list,18,
person::train::00837_3.png,llm_distinctive_first,27,
person::query::26685_1.jpg,llm_attribute_list,17,
person::query::26685_1.jpg,llm_distinctive_first,26,
person::query::14604_1.png,llm_attribute_list,20,
person::query::14604_1.png,llm_distinctive_first,27,
person::query::27008_3.jpg,llm_attribute_list,17,
person::query::27008_3.jpg,llm_distinctive_first,23,
person::query::14994_1.png,llm_attribute_list,22,
person::query::14994_1.png,llm_distinctive_first,30,
person::query::14459_1.png,llm_attribute_list,22,
person::query::14459_1.png,llm_distinctive_first,28,
person::query::26943_3.jpg,llm_attribute_list,15,
person::query::26943_3.jpg,llm_distinctive_first,19,
person::query::26789_3.jpg,llm_attribute_list,19,
person::query::26789_3.jpg,llm_distinctive_first,27,
person::query::26935_2.jpg,llm_attribute_list,13,
person::query::26935_2.jpg,llm_distinctive_first,20,
person::query::27100_1.jpg,llm_attribute_list,24,
person::query::27100_1.jpg,llm_distinctive_first,33,
person::query::26761_2.jpg,llm_attribute_list,13,
person::query::26761_2.jpg,llm_distinctive_first,21,
person::gallery::26474_5.jpg,llm_attribute_list,28,
person::gallery::26474_5.jpg,llm_distinctive_first,40,
person::gallery::27153_5.jpg,llm_attribute_list,11,
person::gallery::27153_5.jpg,llm_distinctive_first,16,
person::gallery::26789_1.jpg,llm_attribute_list,4,
person::gallery::26789_1.jpg,llm_distinctive_first,18,
person::gallery::26721_4.jpg,llm_attribute_list,10,
person::gallery::26721_4.jpg,llm_distinctive_first,16,
person::gallery::26991_3.jpg,llm_attribute_list,29,
person::gallery::26991_3.jpg,llm_distinctive_first,39,
person::gallery::26735_2.jpg,llm_attribute_list,27,
person::gallery::26735_2.jpg,llm_distinctive_first,31,
person::gallery::14888_1.png,llm_attribute_list,28,
person::gallery::14888_1.png,llm_distinctive_first,35,
person::gallery::26774_3.jpg,llm_attribute_list,23,
person::gallery::26774_3.jpg,llm_distinctive_first,34,
person::gallery::15309_3.png,llm_attribute_list,14,
person::gallery::15309_3.png,llm_distinctive_first,18,
person::gallery::15194_3.png,llm_attribute_list,20,
person::gallery::15194_3.png,llm_distinctive_first,35,
vehicle::train_images::19666_c077_02.jpg,llm_attribute_list,12,
vehicle::train_images::19666_c077_02.jpg,llm_distinctive_first,13,
vehicle::train_images::13184_c012_02.jpg,llm_attribute_list,13,
vehicle::train_images::13184_c012_02.jpg,llm_distinctive_first,22,
vehicle::train_images::13608_c139_04.jpg,llm_attribute_list,15,
vehicle::train_images::13608_c139_04.jpg,llm_distinctive_first,21,
vehicle::train_images::12849_c170_02.jpg,llm_attribute_list,10,
vehicle::train_images::12849_c170_02.jpg,llm_distinctive_first,11,
vehicle::train_images::10839_c110_00.jpg,llm_attribute_list,17,
vehicle::train_images::10839_c110_00.jpg,llm_distinctive_first,25,
vehicle::train_images::02440_c090_02.jpg,llm_attribute_list,36,
vehicle::train_images::02440_c090_02.jpg,llm_distinctive_first,39,
vehicle::train_images::12341_c073_00.jpg,llm_attribute_list,12,
vehicle::train_images::12341_c073_00.jpg,llm_distinctive_first,13,
vehicle::train_images::18263_c110_02.jpg,llm_attribute_list,18,
vehicle::train_images::18263_c110_02.jpg,llm_distinctive_first,13,
vehicle::train_images::10529_c003_02.jpg,llm_attribute_list,13,
vehicle::train_images::10529_c003_02.jpg,llm_distinctive_first,13,
vehicle::train_images::15907_c041_04.jpg,llm_attribute_list,9,
vehicle::train_images::15907_c041_04.jpg,llm_distinctive_first,7,
vehicle::train_images::08854_c110_02.jpg,llm_attribute_list,10,
vehicle::train_images::08854_c110_02.jpg,llm_distinctive_first,10,
vehicle::train_images::04922_c023_01.jpg,llm_attribute_list,13,
vehicle::train_images::04922_c023_01.jpg,llm_distinctive_first,13,
vehicle::train_images::19263_c030_03.jpg,llm_attribute_list,19,
vehicle::train_images::19263_c030_03.jpg,llm_distinctive_first,17,
vehicle::train_images::07345_c110_03.jpg,llm_attribute_list,13,
vehicle::train_images::07345_c110_03.jpg,llm_distinctive_first,19,
vehicle::train_images::19520_c034_01.jpg,llm_attribute_list,19,
vehicle::train_images::19520_c034_01.jpg,llm_distinctive_first,20,
vehicle::train_images::16253_c139_00.jpg,llm_attribute_list,8,
vehicle::train_images::16253_c139_00.jpg,llm_distinctive_first,5,
vehicle::train_images::06987_c051_04.jpg,llm_attribute_list,17,Contains capture/context detail: lighting
vehicle::train_images::06987_c051_04.jpg,llm_distinctive_first,19,Contains capture/context detail: lighting
vehicle::train_images::05685_c100_04.jpg,llm_attribute_list,9,
vehicle::train_images::05685_c100_04.jpg,llm_distinctive_first,14,
vehicle::train_images::16614_c041_04.jpg,llm_attribute_list,11,
vehicle::train_images::16614_c041_04.jpg,llm_distinctive_first,10,
vehicle::train_images::13946_c012_04.jpg,llm_attribute_list,7,
vehicle::train_images::13946_c012_04.jpg,llm_distinctive_first,8,
vehicle::train_images::14133_c170_01.jpg,llm_attribute_list,12,
vehicle::train_images::14133_c170_01.jpg,llm_distinctive_first,15,
vehicle::train_images::16747_c163_03.jpg,llm_attribute_list,12,
vehicle::train_images::16747_c163_03.jpg,llm_distinctive_first,16,
vehicle::train_images::05432_c163_04.jpg,llm_attribute_list,7,
vehicle::train_images::05432_c163_04.jpg,llm_distinctive_first,7,
vehicle::train_images::19057_c170_04.jpg,llm_attribute_list,27,
vehicle::train_images::19057_c170_04.jpg,llm_distinctive_first,34,
vehicle::train_images::04455_c078_00.jpg,llm_attribute_list,12,
vehicle::train_images::04455_c078_00.jpg,llm_distinctive_first,15,
vehicle::train_images::14387_c163_04.jpg,llm_attribute_list,18,
vehicle::train_images::14387_c163_04.jpg,llm_distinctive_first,19,
vehicle::train_images::09221_c139_03.jpg,llm_attribute_list,14,
vehicle::train_images::09221_c139_03.jpg,llm_distinctive_first,14,
vehicle::train_images::04724_c110_02.jpg,llm_attribute_list,5,
vehicle::train_images::04724_c110_02.jpg,llm_distinctive_first,8,
vehicle::train_images::08361_c094_04.jpg,llm_attribute_list,22,
vehicle::train_images::08361_c094_04.jpg,llm_distinctive_first,21,
vehicle::train_images::03678_c014_03.jpg,llm_attribute_list,18,
vehicle::train_images::03678_c014_03.jpg,llm_distinctive_first,23,
vehicle::query_images::20204_c041_01.jpg,llm_attribute_list,11,
vehicle::query_images::20204_c041_01.jpg,llm_distinctive_first,13,
vehicle::query_images::21022_c078_01.jpg,llm_attribute_list,8,
vehicle::query_images::21022_c078_01.jpg,llm_distinctive_first,11,
vehicle::query_images::20039_c015_00.jpg,llm_attribute_list,27,
vehicle::query_images::20039_c015_00.jpg,llm_distinctive_first,23,
vehicle::query_images::20298_c122_00.jpg,llm_attribute_list,5,
vehicle::query_images::20298_c122_00.jpg,llm_distinctive_first,6,
vehicle::query_images::21010_c163_01.jpg,llm_attribute_list,24,
vehicle::query_images::21010_c163_01.jpg,llm_distinctive_first,30,
vehicle::query_images::20249_c003_00.jpg,llm_attribute_list,12,
vehicle::query_images::20249_c003_00.jpg,llm_distinctive_first,12,
vehicle::query_images::20506_c051_01.jpg,llm_attribute_list,9,
vehicle::query_images::20506_c051_01.jpg,llm_distinctive_first,10,
vehicle::query_images::21112_c079_00.jpg,llm_attribute_list,31,
vehicle::query_images::21112_c079_00.jpg,llm_distinctive_first,38,
vehicle::query_images::20949_c003_01.jpg,llm_attribute_list,20,
vehicle::query_images::20949_c003_01.jpg,llm_distinctive_first,29,
vehicle::query_images::20272_c102_00.jpg,llm_attribute_list,12,
vehicle::query_images::20272_c102_00.jpg,llm_distinctive_first,12,
vehicle::gallery_images::20591_c110_03.jpg,llm_attribute_list,22,
vehicle::gallery_images::20591_c110_03.jpg,llm_distinctive_first,24,
vehicle::gallery_images::20535_c170_02.jpg,llm_attribute_list,14,
vehicle::gallery_images::20535_c170_02.jpg,llm_distinctive_first,8,
vehicle::gallery_images::20877_c110_00.jpg,llm_attribute_list,23,
vehicle::gallery_images::20877_c110_00.jpg,llm_distinctive_first,36,
vehicle::gallery_images::20159_c003_00.jpg,llm_attribute_list,16,
vehicle::gallery_images::20159_c003_00.jpg,llm_distinctive_first,19,
vehicle::gallery_images::21199_c014_04.jpg,llm_attribute_list,13,
vehicle::gallery_images::21199_c014_04.jpg,llm_distinctive_first,12,
vehicle::gallery_images::20762_c156_00.jpg,llm_attribute_list,13,
vehicle::gallery_images::20762_c156_00.jpg,llm_distinctive_first,13,
vehicle::gallery_images::20070_c017_01.jpg,llm_attribute_list,23,
vehicle::gallery_images::20070_c017_01.jpg,llm_distinctive_first,32,
vehicle::gallery_images::21216_c003_04.jpg,llm_attribute_list,10,
vehicle::gallery_images::21216_c003_04.jpg,llm_distinctive_first,11,
vehicle::gallery_images::20559_c170_01.jpg,llm_attribute_list,25,
vehicle::gallery_images::20559_c170_01.jpg,llm_distinctive_first,30,
vehicle::gallery_images::20401_c023_03.jpg,llm_attribute_list,21,
vehicle::gallery_images::20401_c023_03.jpg,llm_distinctive_first,23,
face::train::170623.jpg,llm_attribute_list,114,
face::train::170623.jpg,llm_distinctive_first,91,
face::train::081413.jpg,llm_attribute_list,92,
face::train::081413.jpg,llm_distinctive_first,108,
face::train::137722.jpg,llm_attribute_list,71,
face::train::137722.jpg,llm_distinctive_first,77,
face::train::071174.jpg,llm_attribute_list,84,
face::train::071174.jpg,llm_distinctive_first,114,
face::train::166091.jpg,llm_attribute_list,66,
face::train::166091.jpg,llm_distinctive_first,74,
face::train::157804.jpg,llm_attribute_list,84,
face::train::157804.jpg,llm_distinctive_first,93,
face::train::091980.jpg,llm_attribute_list,73,
face::train::091980.jpg,llm_distinctive_first,107,
face::train::121281.jpg,llm_attribute_list,68,
face::train::121281.jpg,llm_distinctive_first,72,
face::train::114832.jpg,llm_attribute_list,84,
face::train::114832.jpg,llm_distinctive_first,86,
face::train::090489.jpg,llm_attribute_list,70,
face::train::090489.jpg,llm_distinctive_first,77,
face::train::008309.jpg,llm_attribute_list,61,
face::train::008309.jpg,llm_distinctive_first,58,
face::train::129132.jpg,llm_attribute_list,94,
face::train::129132.jpg,llm_distinctive_first,83,
face::train::053065.jpg,llm_attribute_list,72,
face::train::053065.jpg,llm_distinctive_first,70,
face::train::143554.jpg,llm_attribute_list,68,
face::train::143554.jpg,llm_distinctive_first,91,
face::train::178182.jpg,llm_attribute_list,62,
face::train::178182.jpg,llm_distinctive_first,76,
face::train::063618.jpg,llm_attribute_list,86,
face::train::063618.jpg,llm_distinctive_first,99,
face::train::089537.jpg,llm_attribute_list,125,
face::train::089537.jpg,llm_distinctive_first,83,
face::train::065762.jpg,llm_attribute_list,134,
face::train::065762.jpg,llm_distinctive_first,96,
face::train::168471.jpg,llm_attribute_list,106,
face::train::168471.jpg,llm_distinctive_first,94,
face::train::101485.jpg,llm_attribute_list,81,
face::train::101485.jpg,llm_distinctive_first,112,
face::train::023736.jpg,llm_attribute_list,106,
face::train::023736.jpg,llm_distinctive_first,97,
face::train::063708.jpg,llm_attribute_list,79,
face::train::063708.jpg,llm_distinctive_first,97,
face::train::138886.jpg,llm_attribute_list,78,
face::train::138886.jpg,llm_distinctive_first,93,
face::train::149220.jpg,llm_attribute_list,66,
face::train::149220.jpg,llm_distinctive_first,100,
face::train::060309.jpg,llm_attribute_list,100,
face::train::060309.jpg,llm_distinctive_first,86,
face::train::025692.jpg,llm_attribute_list,68,
face::train::025692.jpg,llm_distinctive_first,68,
face::train::060555.jpg,llm_attribute_list,97,
face::train::060555.jpg,llm_distinctive_first,88,
face::train::150659.jpg,llm_attribute_list,134,
face::train::150659.jpg,llm_distinctive_first,113,
face::train::026996.jpg,llm_attribute_list,156,
face::train::026996.jpg,llm_distinctive_first,100,
face::train::082954.jpg,llm_attribute_list,96,
face::train::082954.jpg,llm_distinctive_first,97,
face::train::042973.jpg,llm_attribute_list,73,
face::train::042973.jpg,llm_distinctive_first,71,
face::train::092618.jpg,llm_attribute_list,79,
face::train::092618.jpg,llm_distinctive_first,73,
face::train::073196.jpg,llm_attribute_list,124,
face::train::073196.jpg,llm_distinctive_first,96,
face::train::178129.jpg,llm_attribute_list,68,
face::train::178129.jpg,llm_distinctive_first,81,
face::train::123459.jpg,llm_attribute_list,85,
face::train::123459.jpg,llm_distinctive_first,104,
face::train::088914.jpg,llm_attribute_list,52,
face::train::088914.jpg,llm_distinctive_first,67,
face::train::141457.jpg,llm_attribute_list,63,
face::train::141457.jpg,llm_distinctive_first,92,
face::train::001042.jpg,llm_attribute_list,50,
face::train::001042.jpg,llm_distinctive_first,72,
face::train::032580.jpg,llm_attribute_list,89,
face::train::032580.jpg,llm_distinctive_first,106,
face::train::109762.jpg,llm_attribute_list,124,
face::train::109762.jpg,llm_distinctive_first,99,
face::test::189457.jpg,llm_attribute_list,69,
face::test::189457.jpg,llm_distinctive_first,67,
face::test::186223.jpg,llm_attribute_list,93,
face::test::186223.jpg,llm_distinctive_first,71,
face::test::185812.jpg,llm_attribute_list,108,
face::test::185812.jpg,llm_distinctive_first,113,
face::test::189858.jpg,llm_attribute_list,60,
face::test::189858.jpg,llm_distinctive_first,71,
face::test::183801.jpg,llm_attribute_list,87,
face::test::183801.jpg,llm_distinctive_first,104,
face::test::188858.jpg,llm_attribute_list,94,
face::test::188858.jpg,llm_distinctive_first,81,
face::test::196777.jpg,llm_attribute_list,106,
face::test::196777.jpg,llm_distinctive_first,104,
face::test::184003.jpg,llm_attribute_list,141,
face::test::184003.jpg,llm_distinctive_first,89,
face::test::201409.jpg,llm_attribute_list,94,
face::test::201409.jpg,llm_distinctive_first,92,
face::test::196611.jpg,llm_attribute_list,56,
face::test::196611.jpg,llm_distinctive_first,69,
