model,domain,variant_type,n,R1,R1_ci_low,R1_ci_high,delta_R1,delta_R1_ci_low,delta_R1_ci_high,R5,R5_ci_low,R5_ci_high,delta_R5,delta_R5_ci_low,delta_R5_ci_high,MRR,MRR_ci_low,MRR_ci_high,delta_MRR,delta_MRR_ci_low,delta_MRR_ci_high,margin,margin_ci_low,margin_ci_high,delta_margin,delta_margin_ci_low,delta_margin_ci_high
altclip,face,identity,50,0.08,0.03154951408859298,0.18838246918342838,0.0,0.0,0.0,0.24,0.1429739139699173,0.3741268375794292,0.0,0.0,0.0,0.18629932833164414,0.11942133983078332,0.263756627796018,0.0,0.0,0.0,-0.03703273028135296,-0.04304677607864138,-0.030675968207418903,0.0,0.0,0.0
altclip,face,llm_attribute_list,50,0.02,0.003539259271646236,0.10495443589637815,-0.06,-0.14,0.0,0.2,0.1124375001577611,0.3303710593222542,-0.04,-0.16,0.06,0.11696477618616534,0.07425966343184744,0.16896396554760684,-0.06933455214547884,-0.13400847347974326,-0.018626274173952743,-0.054257562458515124,-0.06143001694604751,-0.04689650852605697,-0.017224832177162166,-0.022079233393073078,-0.012820322602987284
altclip,face,llm_balanced,50,0.24,0.1429739139699173,0.3741268375794292,0.16,0.04,0.28,0.62,0.4815044693099298,0.7413721068980641,0.38,0.21950000000000003,0.54,0.41269809357309356,0.3188423857392607,0.5151533064158064,0.22639876524144942,0.11497857547364193,0.3440792107080572,-0.01741562068462369,-0.027815952524542772,-0.005721207760274393,0.01961710959672927,0.009461867056787027,0.03200560479611155
altclip,face,llm_brief,50,0.26,0.15871527493552393,0.39553157264848837,0.18,0.06,0.32,0.68,0.5418970269185592,0.7924178373934316,0.44,0.3,0.6,0.42196962188138654,0.32470394727821195,0.5291268984283688,0.23567029354974242,0.12923332755307043,0.3598821656650085,-0.020835344791412337,-0.03000385967642067,-0.0113843827471137,0.016197385489940624,0.007217029660940168,0.02665932779759166
altclip,face,llm_detailed,50,0.12,0.05617600150932274,0.23804817383202992,0.04,-0.04,0.14,0.5,0.3664451431682858,0.6335548568317142,0.26,0.14,0.4,0.2964615796844058,0.2152490093742811,0.3803707975850637,0.11016225135276154,0.035076229978135795,0.18954568043137782,-0.029956590980291332,-0.04015547556057568,-0.019695321056991785,0.00707613930106163,-0.00025837713852523394,0.015473392594605676
altclip,face,llm_distinctive_first,50,0.12,0.05617600150932274,0.23804817383202992,0.04,-0.04,0.12,0.38,0.25862789310193596,0.5184955306900703,0.14,0.04,0.26,0.24354921663640183,0.16337547499476462,0.3332780633125298,0.057249888304757704,-0.010539382834448427,0.13936937467982496,-0.044136291593313184,-0.053788624480366684,-0.033884846277534936,-0.007103561311960229,-0.015765207320451745,0.0014946927763521507
altclip,face,llm_human_description,50,0.3,0.19103553500880954,0.437503504644534,0.22,0.08,0.36,0.74,0.6044684273515117,0.8412847250644762,0.5,0.36,0.64,0.47236914929062634,0.36735759799057766,0.5789694885888964,0.2860698209589822,0.1733363843176725,0.4072848984186441,-0.01127353340387342,-0.021143956951796977,-0.0001101625561714063,0.025759196877479545,0.015894730411469937,0.03709064952284097
altclip,person,identity,50,0.4,0.27608389730256544,0.5381856225241064,0.0,0.0,0.0,0.82,0.6920394632569922,0.9022980732976582,0.0,0.0,0.0,0.5627445507708666,0.4593848266499582,0.667609181096681,0.0,0.0,0.0,-0.004484530985355366,-0.010961635231971712,0.001839307077229009,0.0,0.0,0.0
altclip,person,llm_attribute_list,50,0.42,0.2937500335471198,0.5576655823142176,0.02,-0.08,0.14,0.72,0.5833487630404344,0.8252582933408878,-0.1,-0.2,-0.02,0.5675805829578209,0.45535440110826936,0.671775828664799,0.004836032186954249,-0.06356829779342567,0.07265123683860894,-0.0037403529882430986,-0.010464160576462735,0.0023570619523525134,0.000744177997112268,-0.00165212961286307,0.003234860211610782
altclip,person,llm_balanced,50,0.44,0.3116219921125717,0.5769397197834315,0.04,-0.04,0.12,0.76,0.6258731624205708,0.8570260860300828,-0.06,-0.14,0.0,0.5750330312961892,0.4683127626759206,0.6846881578947366,0.012288480525322632,-0.03084158042250148,0.062430081687318506,-0.005666384398937216,-0.012365063436329338,0.00139942561089992,-0.0011818534135818498,-0.003197792209684849,0.0009997398704290354
altclip,person,llm_brief,50,0.42,0.2937500335471198,0.5576655823142176,0.02,-0.1,0.14,0.74,0.6044684273515117,0.8412847250644762,-0.08,-0.18,0.0,0.5697881146631146,0.4594840326340326,0.6862203744172493,0.007043563892248104,-0.06383723768921137,0.07764523548454468,-0.008228235840797415,-0.01551619188487527,-0.0009185125157237087,-0.0037437048554420484,-0.008278771810233591,0.0003815886825323125
altclip,person,llm_detailed,50,0.4,0.27608389730256544,0.5381856225241064,0.0,-0.08,0.08,0.76,0.6258731624205708,0.8570260860300828,-0.06,-0.14,0.0,0.5476864889496469,0.43985917160325055,0.6560549052555631,-0.015058061821219717,-0.06203809523809524,0.03079062238930658,-0.005545728802680956,-0.012177588239312141,0.0012909164279699366,-0.00106119781732559,-0.0030598128587007436,0.0009643353521823895
altclip,person,llm_distinctive_first,50,0.42,0.2937500335471198,0.5576655823142176,0.02,-0.04,0.1,0.8,0.6696289406777459,0.887562499842239,-0.02,-0.1,0.04,0.5638284950343774,0.4549586484593838,0.6698040457091928,0.001083944263510832,-0.04051408624055682,0.045853856734081135,-0.006325483322143542,-0.013278568118810627,0.00024899725615979004,-0.0018409523367881745,-0.004595256179571153,0.0006522685065865579
altclip,person,llm_human_description,50,0.38,0.25862789310193596,0.5184955306900703,-0.02,-0.1,0.06049999999999727,0.8,0.6696289406777459,0.887562499842239,-0.02,-0.08,0.04,0.561381706298266,0.46114315565336095,0.6660568713450293,-0.001362844472600575,-0.05181385904246945,0.04871235407902607,-0.006669323146343219,-0.013198100216686697,-0.00010038352757692756,-0.0021847921609878538,-0.005057413950562472,0.0006316330879926491
altclip,vehicle,identity,50,0.52,0.38511744890044614,0.6520286471342196,0.0,0.0,0.0,0.8,0.6696289406777459,0.887562499842239,0.0,0.0,0.0,0.6501613190730839,0.5397031639928699,0.7573573593073594,0.0,0.0,0.0,8.707940578461083e-05,-0.012905362688004962,0.013198597863316522,0.0,0.0,0.0
altclip,vehicle,llm_attribute_list,50,0.48,0.34797135286578046,0.6148825510995539,-0.04,-0.14,0.04,0.8,0.6696289406777459,0.887562499842239,0.0,0.0,0.0,0.6364703804966962,0.527495881749829,0.732834686147186,-0.013690938576387495,-0.06886141222039056,0.03622105732245048,-0.0019046896696090665,-0.015407142840325823,0.011654889434576023,-0.0019917690753936765,-0.004918854363262651,0.0009632350504398281
altclip,vehicle,llm_balanced,50,0.52,0.38511744890044614,0.6520286471342196,0.0,-0.08,0.08,0.86,0.7381380628941446,0.9304916657298371,0.06,0.0,0.14,0.662394017094017,0.5583487393162394,0.7661984615384616,0.012232698020933321,-0.03152755920550038,0.05698313852813854,1.1115372180942606e-05,-0.012510731190443021,0.012666680730879284,-7.5964033603668e-05,-0.0023166050463914872,0.0022217343896627417
altclip,vehicle,llm_brief,50,0.44,0.3116219921125717,0.5769397197834315,-0.08,-0.18,0.02,0.8,0.6696289406777459,0.887562499842239,0.0,-0.08,0.1,0.6019354904354904,0.4994551282051282,0.7088365130240128,-0.04822582863759334,-0.10820094983992044,0.004366571663630467,0.00039208054542541783,-0.011677591651678072,0.013170174516737444,0.0003050011396408077,-0.003842898771166801,0.0042049217820167625
altclip,vehicle,llm_detailed,50,0.5,0.3664451431682858,0.6335548568317142,-0.02,-0.1,0.06,0.86,0.7381380628941446,0.9304916657298371,0.06,0.0,0.14,0.6487142857142857,0.5423505952380951,0.7555255952380953,-0.0014470333587980617,-0.04807173414820474,0.0459455532212885,-0.00019995629787445041,-0.013254541538655747,0.013127762854099256,-0.0002870357036590618,-0.002471052154898642,0.0020259922966360906
altclip,vehicle,llm_distinctive_first,50,0.48,0.34797135286578046,0.6148825510995539,-0.04,-0.12,0.04,0.86,0.7381380628941446,0.9304916657298371,0.06,0.0,0.14,0.6414404761904763,0.5339795634920635,0.7448321428571428,-0.00872084288260759,-0.05115213638485697,0.030116613084627788,0.00266043901443482,-0.010257831849157796,0.016109991699457153,0.0025733596086502095,0.0005521522536873801,0.004914186269044869
altclip,vehicle,llm_human_description,50,0.54,0.40398871399157477,0.6703034780777566,0.02,-0.04,0.1,0.84,0.7148578393696501,0.916625793219666,0.04,0.0,0.1,0.6624285714285715,0.5526333333333333,0.7746773809523809,0.01226725235548765,-0.022816778074866307,0.05116393239113824,0.0034895938634872427,-0.00844559736549854,0.01583200460672377,0.0034025144577026325,2.5387153029439976e-05,0.007001231223344789
clip_b16,face,identity,50,0.06,0.02061497034897397,0.16217091688838173,0.0,0.0,0.0,0.28,0.17474170665911232,0.4166512369595657,0.0,0.0,0.0,0.19295809406900064,0.1298037788043999,0.2722484674079248,0.0,0.0,0.0,-0.04536617577075953,-0.05418903815001245,-0.036360367037355866,0.0,0.0,0.0
clip_b16,face,llm_attribute_list,50,0.04,0.011038884327619805,0.1346009068750702,-0.02,-0.1,0.04,0.12,0.05617600150932274,0.23804817383202992,-0.16,-0.26,-0.06,0.11993527956925634,0.07076876252953833,0.18479497821351282,-0.07302281449974428,-0.12714671870692248,-0.026765606018902623,-0.04782135605812069,-0.05482232084870335,-0.04046966946125027,-0.0024551802873611565,-0.006737525150179873,0.001928076744079572
clip_b16,face,llm_balanced,50,0.26,0.15871527493552393,0.39553157264848837,0.2,0.08,0.34,0.58,0.4423344176857823,0.7062499664528802,0.3,0.16,0.44,0.39488418259551233,0.29442592007237556,0.5031458160437784,0.20192608852651164,0.10735101313335889,0.30565364046949406,-0.01954730004072187,-0.029406624548137143,-0.009153551682829879,0.02581887573003767,0.015383315898478021,0.03772916292399163
clip_b16,face,llm_brief,50,0.18,0.09770192670234178,0.30796053674300783,0.12,0.0,0.24,0.58,0.4423344176857823,0.7062499664528802,0.3,0.16,0.44,0.37705603518017705,0.2888692547822125,0.472939916635297,0.18409794111117642,0.09167451440166116,0.2852072243940473,-0.018381622731685608,-0.02613331352919336,-0.009957979656755912,0.026984553039073926,0.018151827313005908,0.037288327507674676
clip_b16,face,llm_detailed,50,0.2,0.1124375001577611,0.3303710593222542,0.14,0.02,0.28,0.44,0.3116219921125717,0.5769397197834315,0.16,0.04,0.28,0.31731728471495596,0.22127152387964402,0.4211364632048378,0.12435919064595537,0.033714131755402284,0.22426218664744488,-0.030645116269588445,-0.039719231389462914,-0.021097460091114042,0.01472105950117109,0.006409315511584264,0.024599120706319772
clip_b16,face,llm_distinctive_first,50,0.24,0.1429739139699173,0.3741268375794292,0.18,0.04,0.32,0.44,0.3116219921125717,0.5769397197834315,0.16,0.02,0.32,0.34401700786297723,0.24103684998233363,0.4503724642441089,0.15105891379397657,0.028563874564494735,0.2686439206511361,-0.0276964136958122,-0.03762231931835411,-0.01724260256439448,0.01766976207494733,0.007634304203093031,0.028640565685927828
clip_b16,face,llm_human_description,50,0.32,0.20758216260656845,0.45810297308144077,0.26,0.14,0.4,0.58,0.4423344176857823,0.7062499664528802,0.3,0.14,0.46,0.4488705738705739,0.3417648504273504,0.558933898046398,0.2559124798015732,0.15172172801065428,0.36714203034834575,-0.016124623119831073,-0.02502345293015239,-0.006201752372086051,0.02924155265092846,0.019233498111367202,0.040257921479642356
clip_b16,person,identity,50,0.22,0.1275391597021442,0.3524154958125367,0.0,0.0,0.0,0.46,0.3296965219222435,0.5960112860084253,0.0,0.0,0.0,0.3357283901464603,0.2387767867463611,0.4362032443239678,0.0,0.0,0.0,-0.024789890050888035,-0.03338444841653106,-0.016009131193160997,0.0,0.0,0.0
clip_b16,person,llm_attribute_list,50,0.16,0.08337420678033404,0.2851421606303499,-0.06,-0.14,0.0,0.48,0.34797135286578046,0.6148825510995539,0.02,-0.04,0.1,0.31142521855910354,0.22084457341419836,0.4000959432706773,-0.024303171587356703,-0.08214778018848648,0.02430679729795828,-0.024369270205497714,-0.031333938278257825,-0.017697744905948616,0.00042061984539032204,-0.004159683592617499,0.004532446190714836
clip_b16,person,llm_balanced,50,0.24,0.1429739139699173,0.3741268375794292,0.02,-0.04,0.1,0.5,0.3664451431682858,0.6335548568317142,0.04,-0.02,0.12,0.35442655247751353,0.24980202857255068,0.4658052413730801,0.0186981623310533,-0.023760656506420962,0.06990028780096715,-0.027370287775993322,-0.03697405458241699,-0.018190731547772888,-0.0025803977251052856,-0.005159449718892575,-7.688582688570004e-05
clip_b16,person,llm_brief,50,0.18,0.09770192670234178,0.30796053674300783,-0.04,-0.12,0.04,0.48,0.34797135286578046,0.6148825510995539,0.02,-0.08,0.12,0.32211382855190906,0.2319660372694041,0.4238047141777211,-0.013614561594551235,-0.07208889200425496,0.0424806057791117,-0.026175337433814977,-0.03454521681368348,-0.0182272926867008,-0.0013854473829269407,-0.00537320685386658,0.002519565112888811
clip_b16,person,llm_detailed,50,0.22,0.1275391597021442,0.3524154958125367,0.0,-0.08,0.08,0.42,0.2937500335471198,0.5576655823142176,-0.04,-0.1,0.0,0.33799433593597955,0.24152190428806083,0.44626200185899856,0.0022659457895193016,-0.04913907696274413,0.05776300811755113,-0.026440870463848087,-0.03553404266387221,-0.017279995582997785,-0.0016509804129600546,-0.0038309260755777343,0.0003941920101642619
clip_b16,person,llm_distinctive_first,50,0.32,0.20758216260656845,0.45810297308144077,0.1,0.0,0.2,0.46,0.3296965219222435,0.5960112860084253,0.0,-0.08,0.08,0.40370145753012265,0.2906689160080036,0.5186918873588874,0.06797306738366238,8.417693556574212e-05,0.14291950841843565,-0.023035693466663353,-0.032565979287028285,-0.013840253174304961,0.0017541965842246842,-0.0018456151783466444,0.005154191806912406
clip_b16,person,llm_human_description,50,0.16,0.08337420678033404,0.2851421606303499,-0.06,-0.16,0.04,0.46,0.3296965219222435,0.5960112860084253,0.0,-0.1,0.12,0.32115230474599543,0.23315535906240956,0.4139649956972537,-0.014576085400464843,-0.08256666390170565,0.05736858530869089,-0.020943863391876195,-0.027351142510771715,-0.014394675388932205,0.003846026659011841,-0.0011568647399544639,0.009299288757145398
clip_b16,vehicle,identity,50,0.36,0.24138749651846741,0.49858983123887307,0.0,0.0,0.0,0.6,0.4618143774758936,0.7239161026974346,0.0,0.0,0.0,0.4866656646848462,0.3740383099353048,0.6025352540752796,0.0,0.0,0.0,-0.0030593347549438318,-0.009924578443169563,0.004370977416634566,0.0,0.0,0.0
clip_b16,vehicle,llm_attribute_list,50,0.36,0.24138749651846741,0.49858983123887307,0.0,-0.06,0.06,0.54,0.40398871399157477,0.6703034780777566,-0.06,-0.16,0.02,0.4505836385836386,0.33372457334332334,0.5704919212731712,-0.03608202610120768,-0.08422347811679654,0.006293181800438804,-0.008762401044368723,-0.015967033766210052,-0.0012738982215523703,-0.005703066289424892,-0.008864694170653815,-0.0027742621526122137
clip_b16,vehicle,llm_balanced,50,0.42,0.2937500335471198,0.5576655823142176,0.06,-0.04,0.16,0.66,0.521538260502326,0.7756305077749992,0.06,-0.04,0.18,0.5340007666625314,0.41835304020598135,0.6514346771284271,0.0473351019776851,-0.016817392837933116,0.11822312202751781,-0.0030375766754150374,-0.01142382541298865,0.0054387134090065625,2.175807952879468e-05,-0.0033546153530478614,0.003407271273434159
clip_b16,vehicle,llm_brief,50,0.34,0.2243694922250009,0.478461739497674,-0.02,-0.12,0.08,0.68,0.5418970269185592,0.7924178373934316,0.08,-0.04,0.2,0.5094509663766845,0.39951959836788836,0.6196434379509379,0.02278530169183831,-0.044574135961581975,0.08978614379106424,-0.004678229093551621,-0.013411554262042023,0.004357823133468628,-0.0016188943386077903,-0.006531917884945872,0.0030266738235950326
clip_b16,vehicle,llm_detailed,50,0.38,0.25862789310193596,0.5184955306900703,0.02,-0.06,0.1,0.66,0.521538260502326,0.7756305077749992,0.06,-0.02,0.16,0.5212724660959955,0.41162704746234163,0.6326021342219872,0.03460680141114924,-0.01764559591800641,0.08836650688044548,-0.0044418877363204875,-0.012862879320979102,0.0045355200842022835,-0.0013825529813766557,-0.004760815382003788,0.0018066636547446
clip_b16,vehicle,llm_distinctive_first,50,0.3,0.19103553500880954,0.437503504644534,-0.06,-0.14,0.02,0.62,0.4815044693099298,0.7413721068980641,0.02,-0.06,0.12,0.47411722536722534,0.3709977809227809,0.5816132124819624,-0.012548439317620912,-0.06440603081381534,0.03956670709997116,-0.003503308296203592,-0.012024878248572322,0.005989526756107813,-0.00044397354125976006,-0.0034403662234544804,0.0027588836625218414
clip_b16,vehicle,llm_human_description,50,0.32,0.20758216260656845,0.45810297308144077,-0.04,-0.14,0.06,0.68,0.5418970269185592,0.7924178373934316,0.08,0.0,0.18,0.47818829224200066,0.3740249942938561,0.5838731590872894,-0.008477372442845596,-0.0746561012481409,0.054404872294514205,-0.001978513598442066,-0.008722821474075293,0.005042687669396399,0.0010808211565017664,-0.0029355872124433497,0.004844904214143757
clip_l14,face,identity,50,0.06,0.02061497034897397,0.16217091688838173,0.0,0.0,0.0,0.26,0.15871527493552393,0.39553157264848837,0.0,0.0,0.0,0.20082166715741892,0.1387136728069981,0.27688474067613994,0.0,0.0,0.0,-0.04555791556835171,-0.05362179079651829,-0.036959228806197626,0.0,0.0,0.0
clip_l14,face,llm_attribute_list,50,0.04,0.011038884327619805,0.1346009068750702,-0.02,-0.06,0.0,0.1,0.04347576493189041,0.21360231437479654,-0.16,-0.26,-0.06,0.1199276955088955,0.0685737885680862,0.18699960650425104,-0.08089397164852341,-0.13149446743890497,-0.04188875127095152,-0.07234438806772228,-0.0820950672999024,-0.062421705864369834,-0.026786472499370564,-0.035272581577301024,-0.01820754573494196
clip_l14,face,llm_balanced,50,0.34,0.2243694922250009,0.478461739497674,0.28,0.16,0.4,0.62,0.4815044693099298,0.7413721068980641,0.36,0.22,0.5,0.4664486346986347,0.36047682178932183,0.5817914467476967,0.26562696754121573,0.17636787800649645,0.3668329321344029,-0.015658639073371866,-0.02609762486815449,-0.004386956341564637,0.029899276494979844,0.019626953497529038,0.04138021560758349
clip_l14,face,llm_brief,50,0.28,0.17474170665911232,0.4166512369595657,0.22,0.1,0.34,0.58,0.4423344176857823,0.7062499664528802,0.32,0.18,0.48,0.4304160997732426,0.326625992063492,0.5406397959183672,0.22959443261582368,0.14044158315638855,0.32560220488039193,-0.01724967956542967,-0.026320538848638518,-0.008650976836681356,0.02830823600292204,0.019292649775743492,0.038196439169347264
clip_l14,face,llm_detailed,50,0.18,0.09770192670234178,0.30796053674300783,0.12,0.04,0.22,0.44,0.3116219921125717,0.5769397197834315,0.18,0.02,0.34,0.31190340934148986,0.22495815623932883,0.41080305011466,0.1110817421840709,0.04476792092975799,0.18692251127973183,-0.029626490473747224,-0.03916881740093227,-0.01898106552660464,0.015931425094604493,0.00660340804606675,0.02601146660000084
clip_l14,face,llm_distinctive_first,50,0.28,0.17474170665911232,0.4166512369595657,0.22,0.12,0.34,0.52,0.38511744890044614,0.6520286471342196,0.26,0.1,0.42,0.3973590483325085,0.29013841363255416,0.5113886665812254,0.19653738117508956,0.10082405035831048,0.3017484055528487,-0.022805086076259595,-0.03338468039035793,-0.011372595451772204,0.02275282949209212,0.01194632665812968,0.034429382108151885
clip_l14,face,llm_human_description,50,0.34,0.2243694922250009,0.478461739497674,0.28,0.16,0.4,0.66,0.521538260502326,0.7756305077749992,0.4,0.26,0.54,0.4828775812650642,0.3764427020226695,0.5925945002225697,0.28205591410764524,0.1962910991058825,0.3714795841270993,-0.011524757146835311,-0.021376072615385034,-0.001071698486804973,0.0340331584215164,0.024047630190849285,0.045170880600810016
clip_l14,person,identity,50,0.26,0.15871527493552393,0.39553157264848837,0.0,0.0,0.0,0.6,0.4618143774758936,0.7239161026974346,0.0,0.0,0.0,0.4162637800253794,0.3167775668707986,0.5152777367623677,0.0,0.0,0.0,-0.016369096338748904,-0.02444633231312033,-0.008549687035381769,0.0,0.0,0.0
clip_l14,person,llm_attribute_list,50,0.26,0.15871527493552393,0.39553157264848837,0.0,-0.1,0.1,0.6,0.4618143774758936,0.7239161026974346,0.0,-0.08,0.08,0.40854274221358133,0.3041941942710032,0.5117646846347503,-0.0077210378117981,-0.07488730467287516,0.060991042738817024,-0.0156235337257385,-0.023757107652723753,-0.008191068507730945,0.0007455626130104016,-0.003633537806570528,0.005320522829890226
clip_l14,person,llm_balanced,50,0.22,0.1275391597021442,0.3524154958125367,-0.04,-0.14,0.06,0.6,0.4618143774758936,0.7239161026974346,0.0,-0.08,0.08,0.3971523096543182,0.3001833447221915,0.4967929870275189,-0.019111470371061173,-0.08459605388430835,0.04234071937866047,-0.01906153917312619,-0.027342850878834694,-0.010928620606660822,-0.00269244283437729,-0.005770590215921411,0.0002865435481071562
clip_l14,person,llm_brief,50,0.24,0.1429739139699173,0.3741268375794292,-0.02,-0.14,0.1,0.58,0.4423344176857823,0.7062499664528802,-0.02,-0.10049999999999998,0.06,0.3985410951339277,0.2982583231528727,0.5056211103118736,-0.01772268489145172,-0.09882937717041677,0.06215764893733837,-0.019391210973262768,-0.027407942533493025,-0.011402844250202175,-0.003022114634513871,-0.008546353101730358,0.0022414135560393103
clip_l14,person,llm_detailed,50,0.3,0.19103553500880954,0.437503504644534,0.04,-0.06,0.14,0.6,0.4618143774758936,0.7239161026974346,0.0,-0.08,0.08,0.43173903873903874,0.32314073981573976,0.5438737644300143,0.015475258713659313,-0.04609521779870923,0.07622682550611352,-0.018733652830123876,-0.027496632114052733,-0.010302061043679691,-0.0023645564913749723,-0.005052159704267987,0.00020674770325422454
clip_l14,person,llm_distinctive_first,50,0.24,0.1429739139699173,0.3741268375794292,-0.02,-0.14,0.1,0.6,0.4618143774758936,0.7239161026974346,0.0,-0.08,0.08,0.4120335944914854,0.3141871376989687,0.518133545784281,-0.004230185533893981,-0.07544170800415367,0.06755700895273131,-0.021394472122192365,-0.030799922615289663,-0.0127212609797716,-0.00502537578344346,-0.009402854181826131,-0.0011553114578127881
clip_l14,person,llm_human_description,50,0.22,0.1275391597021442,0.3524154958125367,-0.04,-0.18,0.1,0.6,0.4618143774758936,0.7239161026974346,0.0,-0.12,0.12,0.38972790160282417,0.29722036652462347,0.49561336008762474,-0.02653587842255521,-0.11539173999190444,0.061739653609847116,-0.018654841780662516,-0.026535073637962314,-0.01097419862449168,-0.0022857454419136147,-0.007837144978344436,0.0030836772471666144
clip_l14,vehicle,identity,50,0.4,0.27608389730256544,0.5381856225241064,0.0,0.0,0.0,0.74,0.6044684273515117,0.8412847250644762,0.0,0.0,0.0,0.5681796536796536,0.46441899350649346,0.6741676948051948,0.0,0.0,0.0,-0.003316478431224814,-0.012496135778725126,0.006299533374607557,0.0,0.0,0.0
clip_l14,vehicle,llm_attribute_list,50,0.34,0.2243694922250009,0.478461739497674,-0.06,-0.16,0.04,0.76,0.6258731624205708,0.8570260860300828,0.02,-0.04,0.1,0.5390824286630133,0.43519057726728266,0.6402918794075184,-0.029097225016640308,-0.09530643068166494,0.02974279971756542,-0.009509695768356315,-0.020006484635174248,0.0013777909651398646,-0.006193217337131498,-0.010661565534770484,-0.0018646032586693785
clip_l14,vehicle,llm_balanced,50,0.4,0.27608389730256544,0.5381856225241064,0.0,-0.12,0.1,0.84,0.7148578393696501,0.916625793219666,0.1,0.0,0.2,0.5948083028083029,0.4925980158730158,0.6986446428571428,0.026628649128649134,-0.038722757797757794,0.0841285284160284,-0.0035440692305564714,-0.014118646115064602,0.0073585484698414794,-0.0002275907993316574,-0.004752723582088948,0.0040158149078488355
clip_l14,vehicle,llm_brief,50,0.36,0.24138749651846741,0.49858983123887307,-0.04,-0.16,0.06,0.78,0.6475845041874634,0.8724608402978559,0.04,-0.04,0.12,0.5532142204201027,0.4521844017094017,0.6616125652125652,-0.014965433259550909,-0.08796730010185894,0.05194107991681518,-0.002468677461147289,-0.012499619320034953,0.008300931245088577,0.0008478009700775246,-0.004088537305593469,0.005949941955506813
clip_l14,vehicle,llm_detailed,50,0.38,0.25862789310193596,0.5184955306900703,-0.02,-0.12,0.06,0.76,0.6258731624205708,0.8570260860300828,0.02,-0.04,0.08,0.5741905871905871,0.4719028735153735,0.6807044913419911,0.006010933510933507,-0.05108535076035076,0.05631515706515704,-0.004089665114879595,-0.01444701340049503,0.006548652164638039,-0.0007731866836547813,-0.005001266255974761,0.0032142569646239284
clip_l14,vehicle,llm_distinctive_first,50,0.44,0.3116219921125717,0.5769397197834315,0.04,-0.04,0.12,0.78,0.6475845041874634,0.8724608402978559,0.04,-0.06,0.14,0.6129068057546317,0.5055816073419334,0.7146658205924508,0.04472715207497816,0.0005738567591828457,0.090247052162813,-0.0015077200531959517,-0.012542312942445254,0.010691006310284119,0.0018087583780288627,-0.002066042907536033,0.005906297713518128
clip_l14,vehicle,llm_human_description,50,0.4,0.27608389730256544,0.5381856225241064,0.0,-0.1,0.1,0.82,0.6920394632569922,0.9022980732976582,0.08,0.0,0.18,0.5871118326118325,0.48682395382395377,0.6920012445887447,0.018932178932178932,-0.03647848124098124,0.07386363636363633,0.0004701849818229795,-0.007323945604264712,0.009021348156034939,0.003786663413047794,-0.0007784757539629749,0.00853470542281866
eva02_clip_l14,face,identity,50,0.08,0.03154951408859298,0.18838246918342838,0.0,0.0,0.0,0.34,0.2243694922250009,0.478461739497674,0.0,0.0,0.0,0.21488201831838252,0.14900139486061714,0.2959674024875919,0.0,0.0,0.0,-0.03615471661090848,-0.043838110513985125,-0.028561505556106547,0.0,0.0,0.0
eva02_clip_l14,face,llm_attribute_list,50,0.02,0.003539259271646236,0.10495443589637815,-0.06,-0.14,0.0,0.14,0.06950833427016294,0.2618619371058554,-0.2,-0.32,-0.08,0.09719651468256064,0.06324636657205744,0.14544182509756431,-0.11768550363582189,-0.17627918623781175,-0.07039977305885617,-0.04715245455503459,-0.054251237757503935,-0.040098715491592836,-0.010997737944126118,-0.01649299114942549,-0.005783993899822221
eva02_clip_l14,face,llm_balanced,50,0.3,0.19103553500880954,0.437503504644534,0.22,0.12,0.34,0.78,0.6475845041874634,0.8724608402978559,0.44,0.3,0.58,0.4929416750751337,0.4009609159533032,0.5916307800751877,0.2780596567567512,0.19017464266924597,0.37466354224227755,-0.007143758237361885,-0.016655949361622308,0.0039292804524302645,0.029010958373546586,0.018275310665369027,0.04229194568097587
eva02_clip_l14,face,llm_brief,50,0.22,0.1275391597021442,0.3524154958125367,0.14,0.02,0.26,0.74,0.6044684273515117,0.8412847250644762,0.4,0.24,0.56,0.4475972417307003,0.36488983499270145,0.5417590113677048,0.2327152234123178,0.13239341849640007,0.32936271945461676,-0.011119376420974703,-0.019165869340300526,-0.002729981847107401,0.025035340189933773,0.016498194523155697,0.03530660030990835
eva02_clip_l14,face,llm_detailed,50,0.18,0.09770192670234178,0.30796053674300783,0.1,0.0,0.2,0.56,0.4230602802165686,0.6883780078874284,0.22,0.08,0.36,0.34987773131581174,0.2636416012178395,0.44884907807620644,0.13499571299742924,0.06680001926574902,0.21588237622651904,-0.02084346204996106,-0.028867370232939688,-0.01139841013401744,0.015311254560947419,0.006685314968228346,0.025555148653686015
eva02_clip_l14,face,llm_distinctive_first,50,0.22,0.1275391597021442,0.3524154958125367,0.14,0.02,0.26,0.6,0.4618143774758936,0.7239161026974346,0.26,0.1,0.42,0.3857913705661384,0.290301996126938,0.48484546613302404,0.17090935224775586,0.05600831125421582,0.28675369555797353,-0.01710842967033384,-0.02779613641649481,-0.006064078040420986,0.019046286940574638,0.0066824704483151405,0.032579253412783074
eva02_clip_l14,face,llm_human_description,50,0.44,0.3116219921125717,0.5769397197834315,0.36,0.24,0.5,0.78,0.6475845041874634,0.8724608402978559,0.44,0.28,0.6,0.5717350557244174,0.46170741303613644,0.6807414175954069,0.35685303740603486,0.25792761685016613,0.46435556515944854,-0.0031596630811691236,-0.013571676105260852,0.008393519446253765,0.03299505352973935,0.021613665081560585,0.04703085744380948
eva02_clip_l14,person,identity,50,0.44,0.3116219921125717,0.5769397197834315,0.0,0.0,0.0,0.74,0.6044684273515117,0.8412847250644762,0.0,0.0,0.0,0.5721871543489191,0.46794830630970335,0.6854684640522875,0.0,0.0,0.0,-0.0053005144000053414,-0.014554246559739099,0.003804439343512031,0.0,0.0,0.0
eva02_clip_l14,person,llm_attribute_list,50,0.44,0.3116219921125717,0.5769397197834315,0.0,-0.08,0.08,0.76,0.6258731624205708,0.8570260860300828,0.02,-0.04,0.1,0.5572405709233296,0.4500160256410256,0.6709505273462171,-0.014946583425589507,-0.0738922006441834,0.04672430032667355,-0.0060698574781417715,-0.014810398653149582,0.0025464694648981074,-0.00076934307813643,-0.003574532672762845,0.0019643079787492967
eva02_clip_l14,person,llm_balanced,50,0.46,0.3296965219222435,0.5960112860084253,0.02,-0.04,0.1,0.7,0.562496495355466,0.8089644649911906,-0.04,-0.1,0.0,0.5876055513114337,0.47539482429335367,0.7025406204906204,0.015418396962514604,-0.020361605020796193,0.05612106125084065,-0.00493675172328948,-0.014731668800115566,0.00491611424833531,0.00036376267671586125,-0.0014026277288794427,0.0022314851358532944
eva02_clip_l14,person,llm_brief,50,0.48,0.34797135286578046,0.6148825510995539,0.04,-0.06049999999999997,0.16,0.68,0.5418970269185592,0.7924178373934316,-0.06,-0.16,0.02,0.5834539133037585,0.46483820050348684,0.7032757177033493,0.011266758954839452,-0.05884918039691646,0.08070971024374653,-0.005397000014781946,-0.01479258888959883,0.0037082573622465,-9.648561477660452e-05,-0.00610636626183986,0.004932316586375235
eva02_clip_l14,person,llm_detailed,50,0.42,0.2937500335471198,0.5576655823142176,-0.02,-0.1,0.04,0.76,0.6258731624205708,0.8570260860300828,0.02,0.0,0.06,0.576746715273031,0.46751525784157355,0.687117927394243,0.004559560924112007,-0.03295900965005068,0.04146503552561986,-0.0037890747189521738,-0.01338341752439736,0.006124275982379895,0.0015114396810531675,-1.5134319663038259e-05,0.0030814812257885962
eva02_clip_l14,person,llm_distinctive_first,50,0.5,0.3664451431682858,0.6335548568317142,0.06,-0.02,0.16,0.76,0.6258731624205708,0.8570260860300828,0.02,0.0,0.08,0.6261939393939394,0.515424880952381,0.731168095238095,0.05400678504502034,0.004848053294744475,0.11074264069264067,-0.0032636409997940084,-0.012383047580718985,0.005972432546317551,0.002036873400211333,-0.000761764466762546,0.00486768086999654
eva02_clip_l14,person,llm_human_description,50,0.42,0.2937500335471198,0.5576655823142176,-0.02,-0.14,0.1,0.72,0.5833487630404344,0.8252582933408878,-0.02,-0.1,0.04,0.5647349470112628,0.45440710363901154,0.673023121224437,-0.0074522073376562525,-0.0783398210758505,0.06430042450843534,-0.004956690371036518,-0.014474025510251506,0.004866952314972868,0.0003438240289688231,-0.002785464912652957,0.003523937664926046
eva02_clip_l14,vehicle,identity,50,0.58,0.4423344176857823,0.7062499664528802,0.0,0.0,0.0,0.94,0.8378290831116182,0.979385029651026,0.0,0.0,0.0,0.7201666666666668,0.6183166666666667,0.8113499999999999,0.0,0.0,0.0,0.014082477390766138,0.005672264344990253,0.022690899230539775,0.0,0.0,0.0
eva02_clip_l14,vehicle,llm_attribute_list,50,0.52,0.38511744890044614,0.6520286471342196,-0.06,-0.14,0.0,0.96,0.8653990931249297,0.9889611156723802,0.02,0.0,0.08,0.6934848484848485,0.5956030303030303,0.78335,-0.02668181818181818,-0.07006098484848486,0.007318560606060602,0.012609481215476994,0.00468341209739449,0.020737873487174492,-0.0014729961752891403,-0.004266781106591216,0.0010595788061618877
eva02_clip_l14,vehicle,llm_balanced,50,0.62,0.4815044693099298,0.7413721068980641,0.04,-0.04,0.12,0.98,0.8950455641036219,0.9964607407283539,0.04,0.0,0.1,0.7512222222222223,0.6526638888888887,0.8413416666666665,0.03105555555555555,-0.012729166666666668,0.08056527777777772,0.016991277039051053,0.008603969261050228,0.025786508508026596,0.002908799648284914,-1.976842433213679e-05,0.005917076401412483
eva02_clip_l14,vehicle,llm_brief,50,0.58,0.4423344176857823,0.7062499664528802,0.0,-0.12,0.12,0.92,0.8116175308165717,0.968450485911407,-0.02,-0.06,0.0,0.7176336996336997,0.6148400183150183,0.807076923076923,-0.002532967032967037,-0.09266199633699634,0.07503988095238094,0.014762664437294001,0.005646937079727659,0.024000109530985345,0.0006801870465278681,-0.0040836970284580994,0.005299991711974149
eva02_clip_l14,vehicle,llm_detailed,50,0.6,0.4618143774758936,0.7239161026974346,0.02,-0.04,0.1,0.96,0.8653990931249297,0.9889611156723802,0.02,0.0,0.08,0.7365,0.6423166666666666,0.8290041666666668,0.01633333333333333,-0.022000000000000002,0.06067499999999996,0.016367221176624293,0.008239688053727157,0.02477013359963891,0.002284743785858156,7.887247204781505e-05,0.004473028421401978
eva02_clip_l14,vehicle,llm_distinctive_first,50,0.62,0.4815044693099298,0.7413721068980641,0.04,0.0,0.1,0.94,0.8378290831116182,0.979385029651026,0.0,-0.06,0.06,0.7508888888888887,0.6492138888888889,0.8400083333333332,0.03072222222222222,0.002051388888888884,0.06833333333333333,0.017415862083435044,0.0091919743567705,0.026279311269521693,0.0033333846926689057,0.001051761984825127,0.006193231754004941
eva02_clip_l14,vehicle,llm_human_description,50,0.6,0.4618143774758936,0.7239161026974346,0.02,-0.06,0.12,0.96,0.8653990931249297,0.9889611156723802,0.02,-0.04,0.1,0.7448571428571428,0.6513095238095237,0.8346845238095237,0.024690476190476186,-0.029985119047619045,0.08453630952380946,0.016349608004093165,0.007920480929315084,0.024810054861009092,0.0022671306133270276,-0.0008400909453630472,0.0051702190265059365
jina_clip_v2,face,identity,50,0.24,0.1429739139699173,0.3741268375794292,0.0,0.0,0.0,0.46,0.3296965219222435,0.5960112860084253,0.0,0.0,0.0,0.3578218337218336,0.26017786907536905,0.4589125785325785,0.0,0.0,0.0,-0.01986708164215086,-0.02798403160274026,-0.011382326886057845,0.0,0.0,0.0
jina_clip_v2,face,llm_attribute_list,50,0.08,0.03154951408859298,0.18838246918342838,-0.16,-0.28,-0.04,0.22,0.1275391597021442,0.3524154958125367,-0.24,-0.38,-0.08,0.19067854420274802,0.12251662743080136,0.267272182648737,-0.16714328951908558,-0.26459574387574597,-0.07567547419446541,-0.028976270854473078,-0.035837799288332424,-0.022074679046869255,-0.009109189212322219,-0.015304919302463516,-0.0032725838422775037
jina_clip_v2,face,llm_balanced,50,0.18,0.09770192670234178,0.30796053674300783,-0.06,-0.18,0.06,0.44,0.3116219921125717,0.5769397197834315,-0.02,-0.16,0.12,0.3236016744015196,0.22931291002870724,0.4307455230661848,-0.034220159320314116,-0.12466848319885473,0.06265260330787786,-0.02593683362007139,-0.03533222508430479,-0.0164178755879402,-0.006069751977920526,-0.014241100415587404,0.0022753262072801378
jina_clip_v2,face,llm_brief,50,0.2,0.1124375001577611,0.3303710593222542,-0.04,-0.14,0.06,0.4,0.27608389730256544,0.5381856225241064,-0.06,-0.2,0.06,0.3231962164482504,0.2244628110334758,0.43051896793137334,-0.03462561727358329,-0.11677137595991138,0.05114235586438986,-0.03207319855689999,-0.0422258695363998,-0.02110744097828864,-0.012206116914749125,-0.020642587155103673,-0.003559425964951507
jina_clip_v2,face,llm_detailed,50,0.14,0.06950833427016294,0.2618619371058554,-0.1,-0.2,0.0,0.38,0.25862789310193596,0.5184955306900703,-0.08,-0.2,0.02,0.28196621054384213,0.20084775772108004,0.3783306252263818,-0.07585562317799158,-0.15332894203384337,-0.0013892881241565611,-0.024015733301639527,-0.03207818506658074,-0.01581045081466433,-0.004148651659488662,-0.010353425741195656,0.0018156658113002912
jina_clip_v2,face,llm_distinctive_first,50,0.14,0.06950833427016294,0.2618619371058554,-0.1,-0.22,0.02,0.42,0.2937500335471198,0.5576655823142176,-0.04,-0.2,0.12,0.3031335634740366,0.21626691925135816,0.3942715799998168,-0.0546882702477971,-0.15540187512739467,0.035629488500097485,-0.02473041743040082,-0.033031022027134864,-0.01650894447416067,-0.004863335788249961,-0.012367921844124772,0.0023802333772182447
jina_clip_v2,face,llm_human_description,50,0.22,0.1275391597021442,0.3524154958125367,-0.02,-0.14,0.1,0.48,0.34797135286578046,0.6148825510995539,0.02,-0.1,0.14,0.3600660641922252,0.2623515735813336,0.46690179904694223,0.002244230470391462,-0.09376003974079826,0.1016826586486803,-0.023633515238761876,-0.03305237595736977,-0.01372700119018553,-0.0037664335966110124,-0.011799959138035755,0.005101804941892596
jina_clip_v2,person,identity,50,0.3,0.19103553500880954,0.437503504644534,0.0,0.0,0.0,0.66,0.521538260502326,0.7756305077749992,0.0,0.0,0.0,0.4553814915262332,0.3529710428454086,0.5625973528345716,0.0,0.0,0.0,-0.022045349776744824,-0.03585674531012771,-0.0077215941324829925,0.0,0.0,0.0
jina_clip_v2,person,llm_attribute_list,50,0.24,0.1429739139699173,0.3741268375794292,-0.06,-0.16,0.04,0.62,0.4815044693099298,0.7413721068980641,-0.04,-0.12,0.04,0.41877062787089614,0.3266914597780297,0.5144498298025939,-0.03661086365533702,-0.10003085288883554,0.02317579127671522,-0.024620252549648267,-0.0374078918918967,-0.011507250353693958,-0.002574902772903441,-0.006163546845316882,0.0010485154390334976
jina_clip_v2,person,llm_balanced,50,0.28,0.17474170665911232,0.4166512369595657,-0.02,-0.08049999999999997,0.04,0.64,0.501410168761127,0.7586125034815325,-0.02,-0.08,0.04,0.44324203352922126,0.3411842942526176,0.5566095792070247,-0.012139457997011865,-0.05699370131635968,0.025995940042711222,-0.024601026773452737,-0.038753603100776655,-0.010039321199059491,-0.0025556769967079135,-0.005315541401505459,1.9999228417873886e-05
jina_clip_v2,person,llm_brief,50,0.24,0.1429739139699173,0.3741268375794292,-0.06,-0.16,0.02,0.56,0.4230602802165686,0.6883780078874284,-0.1,-0.2,0.0,0.4033391963487871,0.29806553084064275,0.513405999219474,-0.052042295177446046,-0.12079477928307401,0.007199410702218129,-0.02824648797512053,-0.04160755653679367,-0.015586061976850037,-0.006201138198375704,-0.015833682805299752,0.0013352527841925558
jina_clip_v2,person,llm_detailed,50,0.3,0.19103553500880954,0.437503504644534,0.0,-0.06,0.06,0.6,0.4618143774758936,0.7239161026974346,-0.06,-0.14,0.0,0.4535293602050756,0.35017280123377775,0.5700073216160018,-0.0018521313211575352,-0.030689034165328158,0.02789225997324455,-0.022002596259117112,-0.036345730572938904,-0.0068392831832170585,4.2753517627710066e-05,-0.0014715137630701073,0.001440446592867368
jina_clip_v2,person,llm_distinctive_first,50,0.32,0.20758216260656845,0.45810297308144077,0.02,-0.06,0.12,0.64,0.501410168761127,0.7586125034815325,-0.02,-0.1,0.06,0.46704929979758353,0.3676979090100085,0.5770800404337589,0.011667808271350371,-0.03710863483885782,0.06896503106447327,-0.0204652440547943,-0.03383059440553186,-0.006274322256445895,0.0015801057219505216,-0.0022490670010447502,0.005797394126653647
jina_clip_v2,person,llm_human_description,50,0.32,0.20758216260656845,0.45810297308144077,0.02,0.0,0.06,0.68,0.5418970269185592,0.7924178373934316,0.02,0.0,0.08,0.47262111230813475,0.3658816760102129,0.588253015479937,0.017239620781901614,-0.004702517006532697,0.05100259325327148,-0.0215689831972122,-0.0354794619232416,-0.006585007511079315,0.0004763665795326219,-0.002711259894073023,0.003772533632814878
jina_clip_v2,vehicle,identity,50,0.56,0.4230602802165686,0.6883780078874284,0.0,0.0,0.0,0.82,0.6920394632569922,0.9022980732976582,0.0,0.0,0.0,0.686771098182863,0.5840308518279108,0.788368086978381,0.0,0.0,0.0,0.019473384022712696,0.005778455704450604,0.03409832945466038,0.0,0.0,0.0
jina_clip_v2,vehicle,llm_attribute_list,50,0.62,0.4815044693099298,0.7413721068980641,0.06,0.0,0.14,0.86,0.7381380628941446,0.9304916657298371,0.04,0.0,0.1,0.7263793650793651,0.6273369047619046,0.8262150396825397,0.039608266896502195,0.008196816239316247,0.07861521600948067,0.020983612239360797,0.006868627667427064,0.03568664867430922,0.0015102282166480944,-0.0013200593292713352,0.00393157588690518
jina_clip_v2,vehicle,llm_balanced,50,0.58,0.4423344176857823,0.7062499664528802,0.02,-0.04,0.1,0.86,0.7381380628941446,0.9304916657298371,0.04,0.0,0.1,0.7035728715728716,0.5937187950937951,0.8056755411255412,0.016801773390008684,-0.02804533211886153,0.06865494799318321,0.017572861313819875,0.0034540036097169026,0.03134139249473808,-0.0019005227088928186,-0.005796368010342113,0.0015049563944339722
jina_clip_v2,vehicle,llm_brief,50,0.54,0.40398871399157477,0.6703034780777566,-0.02,-0.12,0.06,0.82,0.6920394632569922,0.9022980732976582,0.0,-0.08,0.08,0.6709179329442487,0.5637489611265926,0.7744434153565731,-0.015853165238614148,-0.08863319253416005,0.0488477076329243,0.01927918434143067,0.0053172196894884245,0.03298155847191808,-0.00019419968128203173,-0.005759207889437659,0.005216581463813793
jina_clip_v2,vehicle,llm_detailed,50,0.58,0.4423344176857823,0.7062499664528802,0.02,0.0,0.06,0.84,0.7148578393696501,0.916625793219666,0.02,0.0,0.08,0.6975878191856453,0.5884120255348516,0.8012552838164251,0.010816721002782385,-0.009478174603174603,0.038252479182866,0.018928353190422048,0.00441029705107213,0.033568613141775096,-0.0005450308322906478,-0.003104923859238614,0.001956664562225342
jina_clip_v2,vehicle,llm_distinctive_first,50,0.58,0.4423344176857823,0.7062499664528802,0.02,0.0,0.06,0.86,0.7381380628941446,0.9304916657298371,0.04,0.0,0.1,0.7012505175983437,0.6002484730848862,0.7999011904761903,0.014479419415480801,-0.0016742327365728824,0.04016277011919592,0.01788683235645294,0.004352092027664196,0.03167989325523375,-0.00158655166625976,-0.004269207209348678,0.0008334100991487551
jina_clip_v2,vehicle,llm_human_description,50,0.58,0.4423344176857823,0.7062499664528802,0.02,0.0,0.06,0.86,0.7381380628941446,0.9304916657298371,0.04,0.0,0.1,0.6952341269841271,0.584331746031746,0.8001996031746031,0.008463028801264098,-0.01389510611937082,0.03644133178912588,0.017907699942588798,0.004417068734765059,0.031159350305795645,-0.0015656840801238983,-0.004550198718905448,0.0012668018937110929
siglip2_b16_224,face,identity,50,0.02,0.003539259271646236,0.10495443589637815,0.0,0.0,0.0,0.12,0.05617600150932274,0.23804817383202992,0.0,0.0,0.0,0.10207342722226073,0.06392283243524406,0.1554489314016604,0.0,0.0,0.0,-0.036091679446399176,-0.04156070542614903,-0.030676840268075448,0.0,0.0,0.0
siglip2_b16_224,face,llm_attribute_list,50,0.02,0.003539259271646236,0.10495443589637815,0.0,0.0,0.0,0.1,0.04347576493189041,0.21360231437479654,-0.02,-0.10049999999999998,0.08,0.09466894347985194,0.057969051472931764,0.1437013593623168,-0.007404483742408778,-0.03358278975199651,0.019788638635897953,-0.033645202703773934,-0.03878006141725923,-0.02831862982455637,0.0024464767426252494,-0.0011545282946899419,0.00617982194293292
siglip2_b16_224,face,llm_balanced,50,0.24,0.1429739139699173,0.3741268375794292,0.22,0.12,0.34,0.5,0.3664451431682858,0.6335548568317142,0.38,0.23950000000000002,0.54,0.38345098322729904,0.2832196219715956,0.4897360500610499,0.2813775560050383,0.18149840117676996,0.3903744471250628,-0.008130016624927495,-0.015461285956203904,0.00036676788702607634,0.02796166282147168,0.018668500281870355,0.0389696367792785
siglip2_b16_224,face,llm_brief,50,0.32,0.20758216260656845,0.45810297308144077,0.3,0.18,0.44,0.6,0.4618143774758936,0.7239161026974346,0.48,0.34,0.62,0.451049949818615,0.34117870376920995,0.5620818187559565,0.3489765225963543,0.23846028936411798,0.4628005077934724,-0.005365609973669033,-0.012309159897267784,0.0024250927083194315,0.03072606947273014,0.022253150627948328,0.04021648457180706
siglip2_b16_224,face,llm_detailed,50,0.12,0.05617600150932274,0.23804817383202992,0.1,0.02,0.2,0.26,0.15871527493552393,0.39553157264848837,0.14,0.06,0.24,0.2324603784558234,0.14648789434544712,0.3245799159860527,0.13038695123356267,0.05768256580391612,0.2135027529019055,-0.024785423725843386,-0.030792730806395358,-0.01890702853165563,0.011306255720555792,0.005625021554529685,0.018137487174943085
siglip2_b16_224,face,llm_distinctive_first,50,0.32,0.20758216260656845,0.45810297308144077,0.3,0.18,0.44,0.46,0.3296965219222435,0.5960112860084253,0.34,0.18,0.5,0.41246463648119736,0.3012543585712001,0.5292024791504167,0.3103912092589366,0.1968010920006225,0.43001894645226196,-0.012664443254470798,-0.018528806198388308,-0.00677057199180125,0.023427236191928373,0.016036450886167588,0.032025207596831
siglip2_b16_224,face,llm_human_description,50,0.28,0.17474170665911232,0.4166512369595657,0.26,0.14,0.38,0.5,0.3664451431682858,0.6335548568317142,0.38,0.22,0.54,0.4056715506715507,0.30006976495726495,0.5204452075702074,0.3035981234492899,0.19273413828603342,0.4241103805509679,-0.007815210521221142,-0.014953924279659966,0.0013780706264078849,0.028276468925178034,0.018183683950453992,0.040108480104245225
siglip2_b16_224,person,identity,50,0.52,0.38511744890044614,0.6520286471342196,0.0,0.0,0.0,0.76,0.6258731624205708,0.8570260860300828,0.0,0.0,0.0,0.6351650525102137,0.5278492313645137,0.7400085325024437,0.0,0.0,0.0,-0.0001382024586200764,-0.006711453903466456,0.006321552958339441,0.0,0.0,0.0
siglip2_b16_224,person,llm_attribute_list,50,0.3,0.19103553500880954,0.437503504644534,-0.22,-0.36,-0.08,0.68,0.5418970269185592,0.7924178373934316,-0.08,-0.2,0.04,0.45535366307449165,0.3554961176572388,0.5597485428918023,-0.1798113894357221,-0.27662500709315885,-0.08163015868922241,-0.006753911525011052,-0.011017531130462858,-0.0026369143798947413,-0.006615709066390976,-0.011532048549503066,-0.0015041300430893886
siglip2_b16_224,person,llm_balanced,50,0.62,0.4815044693099298,0.7413721068980641,0.1,-0.02,0.24,0.78,0.6475845041874634,0.8724608402978559,0.02,-0.04,0.08,0.6883618326118327,0.5768155212842713,0.8030748106060605,0.053196780101618824,-0.02930582059069961,0.14225211210832175,0.004415549933910357,-0.0032217485792935007,0.012132260907441364,0.004553752392530434,0.0002640780881047345,0.009529205150902265
siglip2_b16_224,person,llm_brief,50,0.58,0.4423344176857823,0.7062499664528802,0.06,-0.06,0.18,0.82,0.6920394632569922,0.9022980732976582,0.06,-0.02,0.16,0.6872995667902788,0.5800733382286788,0.7920744328770644,0.052134514280065075,-0.02305712147238338,0.12915399598868402,0.0064405849575996325,-0.003296687442809353,0.016337057627737496,0.006578787416219708,0.000922512095421556,0.012455242648720732
siglip2_b16_224,person,llm_detailed,50,0.54,0.40398871399157477,0.6703034780777566,0.02,-0.08,0.12,0.76,0.6258731624205708,0.8570260860300828,0.0,-0.1,0.1,0.6389022366522366,0.5240601821789321,0.7500946969696969,0.003737184142022856,-0.07145087135087136,0.0800030512856319,-0.0005416895449161522,-0.0076445981226861415,0.006452721551060658,-0.0004034870862960757,-0.0039009159579872915,0.003473413258790969
siglip2_b16_224,person,llm_distinctive_first,50,0.48,0.34797135286578046,0.6148825510995539,-0.04,-0.18,0.1,0.78,0.6475845041874634,0.8724608402978559,0.02,-0.08,0.12,0.6013450634895868,0.4939903080860991,0.7101595749838395,-0.033819989020626974,-0.13479981670237837,0.060109646005190275,0.0016015419363975525,-0.006031170096248381,0.00945459870621561,0.001739744395017629,-0.0031214623823761774,0.006595182735472904
siglip2_b16_224,person,llm_human_description,50,0.46,0.3296965219222435,0.5960112860084253,-0.06,-0.18,0.08,0.76,0.6258731624205708,0.8570260860300828,0.0,-0.1,0.1,0.5958599778782869,0.48862128026586454,0.7048507097288677,-0.03930507463192685,-0.130351099144577,0.060802903029933256,-0.0017398777604103078,-0.009551409147679794,0.005942791916429983,-0.0016016753017902324,-0.0064826795011758654,0.003518674720078689
siglip2_b16_224,vehicle,identity,50,0.22,0.1275391597021442,0.3524154958125367,0.0,0.0,0.0,0.44,0.3116219921125717,0.5769397197834315,0.0,0.0,0.0,0.3327499603939232,0.23137606521230744,0.4407101397463046,0.0,0.0,0.0,-0.011391721516847586,-0.01510944116860625,-0.007718852810561647,0.0,0.0,0.0
siglip2_b16_224,vehicle,llm_attribute_list,50,0.22,0.1275391597021442,0.3524154958125367,0.0,-0.12,0.12,0.46,0.3296965219222435,0.5960112860084253,0.02,-0.1,0.14,0.3539683017046718,0.25820985030034527,0.45649588772657274,0.021218341310748623,-0.07132266962970873,0.10438822723124994,-0.007685056477785086,-0.010999943308532215,-0.004044227331876732,0.0037066650390624976,0.0011936391256749527,0.00628436107560992
siglip2_b16_224,vehicle,llm_balanced,50,0.3,0.19103553500880954,0.437503504644534,0.08,-0.06,0.22,0.56,0.4230602802165686,0.6883780078874284,0.12,0.0,0.26,0.4208911445715745,0.31832223810276655,0.5373189667193268,0.08814118417765127,-0.027624041159201453,0.20592806158654442,-0.0051474426686763585,-0.011223479498177744,0.002588705319911237,0.006244278848171224,0.0009069014564156389,0.013040702324360602
siglip2_b16_224,vehicle,llm_brief,50,0.2,0.1124375001577611,0.3303710593222542,-0.02,-0.16,0.12,0.48,0.34797135286578046,0.6148825510995539,0.04,-0.12,0.22,0.33409269997143,0.24139638542918718,0.437470245453164,0.0013427395775068207,-0.11869967782951547,0.12127656345463854,-0.007914281934499709,-0.012928160209208681,-0.0018947786502539954,0.003477439582347876,-0.001520615212619288,0.008886066660284983
siglip2_b16_224,vehicle,llm_detailed,50,0.3,0.19103553500880954,0.437503504644534,0.08,-0.06,0.22,0.54,0.40398871399157477,0.6703034780777566,0.1,-0.04,0.24,0.42829314980274047,0.326328911096718,0.5408032768080882,0.09554318940881737,-0.01902197167078332,0.21000082171870088,-0.005823513418436031,-0.010780444264411907,0.0004887219853699202,0.005568208098411551,0.001404916483908891,0.010580385107547021
siglip2_b16_224,vehicle,llm_distinctive_first,50,0.26,0.15871527493552393,0.39553157264848837,0.04,-0.08,0.16,0.5,0.3664451431682858,0.6335548568317142,0.06,-0.08,0.18,0.38656520647108883,0.28516547274620796,0.495804058969353,0.053815246077165584,-0.05472287641731333,0.15875929521974408,-0.008099472075700737,-0.012493174057453838,-0.0031381327249109716,0.003292249441146847,-0.00038060379400848583,0.007083411339670389
siglip2_b16_224,vehicle,llm_human_description,50,0.4,0.27608389730256544,0.5381856225241064,0.18,0.06,0.32,0.7,0.562496495355466,0.8089644649911906,0.26,0.14,0.4,0.5541575091575092,0.45171941391941395,0.6627003663003662,0.2214075487635859,0.1225450350818772,0.32495464866016327,0.00016205683350564636,-0.0046873921640216976,0.005858949620276688,0.01155377835035323,0.007538793422281735,0.016390487693250154
