sample_id,domain,original_split,query_partition
person::train::00197_4.png,person,train,development
person::train::03736_1.jpg,person,train,development
person::train::06597_2.jpg,person,train,held_out
person::train::10977_1.jpg,person,train,held_out
person::train::12050_5.jpg,person,train,held_out
person::train::08529_4.jpg,person,train,development
person::train::01742_4.jpg,person,train,held_out
person::train::05158_3.jpg,person,train,development
person::train::02167_1.jpg,person,train,held_out
person::train::00233_10.png,person,train,development
person::train::01108_7.png,person,train,held_out
person::train::06085_7.jpg,person,train,development
person::train::12462_1.jpg,person,train,held_out
person::train::01924_2.jpg,person,train,development
person::train::00969_2.png,person,train,held_out
person::train::09634_1.jpg,person,train,held_out
person::train::11561_6.jpg,person,train,development
person::train::08528_6.jpg,person,train,held_out
person::train::01287_5.jpg,person,train,development
person::train::10252_1.jpg,person,train,development
person::train::08924_1.jpg,person,train,held_out
person::train::02319_1.jpg,person,train,held_out
person::train::09715_3.jpg,person,train,held_out
person::train::13508_2.jpg,person,train,development
person::train::09751_6.jpg,person,train,development
person::train::11903_4.jpg,person,train,development
person::train::03720_4.jpg,person,train,development
person::train::26249_12.jpg,person,train,development
person::train::08634_3.jpg,person,train,held_out
person::train::00837_3.png,person,train,held_out
person::query::26685_1.jpg,person,query,development
person::query::14604_1.png,person,query,development
person::query::27008_3.jpg,person,query,development
person::query::14994_1.png,person,query,development
person::query::14459_1.png,person,query,held_out
person::query::26943_3.jpg,person,query,development
person::query::26789_3.jpg,person,query,development
person::query::26935_2.jpg,person,query,development
person::query::27100_1.jpg,person,query,held_out
person::query::26761_2.jpg,person,query,development
person::gallery::26474_5.jpg,person,gallery,development
person::gallery::27153_5.jpg,person,gallery,held_out
person::gallery::26789_1.jpg,person,gallery,development
person::gallery::26721_4.jpg,person,gallery,held_out
person::gallery::26991_3.jpg,person,gallery,held_out
person::gallery::26735_2.jpg,person,gallery,held_out
person::gallery::14888_1.png,person,gallery,held_out
person::gallery::26774_3.jpg,person,gallery,held_out
person::gallery::15309_3.png,person,gallery,held_out
person::gallery::15194_3.png,person,gallery,held_out
vehicle::train_images::19666_c077_02.jpg,vehicle,train_images,development
vehicle::train_images::13184_c012_02.jpg,vehicle,train_images,development
vehicle::train_images::13608_c139_04.jpg,vehicle,train_images,held_out
vehicle::train_images::12849_c170_02.jpg,vehicle,train_images,development
vehicle::train_images::10839_c110_00.jpg,vehicle,train_images,held_out
vehicle::train_images::02440_c090_02.jpg,vehicle,train_images,held_out
vehicle::train_images::12341_c073_00.jpg,vehicle,train_images,development
vehicle::train_images::18263_c110_02.jpg,vehicle,train_images,development
vehicle::train_images::10529_c003_02.jpg,vehicle,train_images,development
vehicle::train_images::15907_c041_04.jpg,vehicle,train_images,held_out
vehicle::train_images::08854_c110_02.jpg,vehicle,train_images,held_out
vehicle::train_images::04922_c023_01.jpg,vehicle,train_images,held_out
vehicle::train_images::19263_c030_03.jpg,vehicle,train_images,held_out
vehicle::train_images::07345_c110_03.jpg,vehicle,train_images,development
vehicle::train_images::19520_c034_01.jpg,vehicle,train_images,development
vehicle::train_images::16253_c139_00.jpg,vehicle,train_images,held_out
vehicle::train_images::06987_c051_04.jpg,vehicle,train_images,held_out
vehicle::train_images::05685_c100_04.jpg,vehicle,train_images,held_out
vehicle::train_images::16614_c041_04.jpg,vehicle,train_images,development
vehicle::train_images::13946_c012_04.jpg,vehicle,train_images,held_out
vehicle::train_images::14133_c170_01.jpg,vehicle,train_images,held_out
vehicle::train_images::16747_c163_03.jpg,vehicle,train_images,development
vehicle::train_images::05432_c163_04.jpg,vehicle,train_images,development
vehicle::train_images::19057_c170_04.jpg,vehicle,train_images,held_out
vehicle::train_images::04455_c078_00.jpg,vehicle,train_images,held_out
vehicle::train_images::14387_c163_04.jpg,vehicle,train_images,development
vehicle::train_images::09221_c139_03.jpg,vehicle,train_images,held_out
vehicle::train_images::04724_c110_02.jpg,vehicle,train_images,held_out
vehicle::train_images::08361_c094_04.jpg,vehicle,train_images,development
vehicle::train_images::03678_c014_03.jpg,vehicle,train_images,held_out
vehicle::query_images::20204_c041_01.jpg,vehicle,query_images,development
vehicle::query_images::21022_c078_01.jpg,vehicle,query_images,development
vehicle::query_images::20039_c015_00.jpg,vehicle,query_images,held_out
vehicle::query_images::20298_c122_00.jpg,vehicle,query_images,development
vehicle::query_images::21010_c163_01.jpg,vehicle,query_images,development
vehicle::query_images::20249_c003_00.jpg,vehicle,query_images,held_out
vehicle::query_images::20506_c051_01.jpg,vehicle,query_images,development
vehicle::query_images::21112_c079_00.jpg,vehicle,query_images,held_out
vehicle::query_images::20949_c003_01.jpg,vehicle,query_images,development
vehicle::query_images::20272_c102_00.jpg,vehicle,query_images,held_out
vehicle::gallery_images::20591_c110_03.jpg,vehicle,gallery_images,development
vehicle::gallery_images::20535_c170_02.jpg,vehicle,gallery_images,development
vehicle::gallery_images::20877_c110_00.jpg,vehicle,gallery_images,development
vehicle::gallery_images::20159_c003_00.jpg,vehicle,gallery_images,development
vehicle::gallery_images::21199_c014_04.jpg,vehicle,gallery_images,held_out
vehicle::gallery_images::20762_c156_00.jpg,vehicle,gallery_images,development
vehicle::gallery_images::20070_c017_01.jpg,vehicle,gallery_images,held_out
vehicle::gallery_images::21216_c003_04.jpg,vehicle,gallery_images,held_out
vehicle::gallery_images::20559_c170_01.jpg,vehicle,gallery_images,development
vehicle::gallery_images::20401_c023_03.jpg,vehicle,gallery_images,held_out
face::train::170623.jpg,face,train,development
face::train::081413.jpg,face,train,development
face::train::137722.jpg,face,train,development
face::train::071174.jpg,face,train,development
face::train::166091.jpg,face,train,held_out
face::train::157804.jpg,face,train,development
face::train::091980.jpg,face,train,development
face::train::121281.jpg,face,train,development
face::train::114832.jpg,face,train,held_out
face::train::090489.jpg,face,train,held_out
face::train::008309.jpg,face,train,held_out
face::train::129132.jpg,face,train,development
face::train::053065.jpg,face,train,development
face::train::143554.jpg,face,train,held_out
face::train::178182.jpg,face,train,development
face::train::063618.jpg,face,train,held_out
face::train::089537.jpg,face,train,development
face::train::065762.jpg,face,train,development
face::train::168471.jpg,face,train,development
face::train::101485.jpg,face,train,held_out
face::train::023736.jpg,face,train,held_out
face::train::063708.jpg,face,train,development
face::train::138886.jpg,face,train,held_out
face::train::149220.jpg,face,train,held_out
face::train::060309.jpg,face,train,development
face::train::025692.jpg,face,train,development
face::train::060555.jpg,face,train,development
face::train::150659.jpg,face,train,held_out
face::train::026996.jpg,face,train,held_out
face::train::082954.jpg,face,train,held_out
face::train::042973.jpg,face,train,development
face::train::092618.jpg,face,train,held_out
face::train::073196.jpg,face,train,held_out
face::train::178129.jpg,face,train,held_out
face::train::123459.jpg,face,train,held_out
face::train::088914.jpg,face,train,development
face::train::141457.jpg,face,train,held_out
face::train::001042.jpg,face,train,development
face::train::032580.jpg,face,train,held_out
face::train::109762.jpg,face,train,development
face::test::189457.jpg,face,test,development
face::test::186223.jpg,face,test,development
face::test::185812.jpg,face,test,held_out
face::test::189858.jpg,face,test,held_out
face::test::183801.jpg,face,test,held_out
face::test::188858.jpg,face,test,held_out
face::test::196777.jpg,face,test,held_out
face::test::184003.jpg,face,test,development
face::test::201409.jpg,face,test,development
face::test::196611.jpg,face,test,held_out
