model,domain,llm_brief_cosine,llm_brief_text_R1,llm_balanced_cosine,llm_balanced_text_R1,llm_detailed_cosine,llm_detailed_text_R1
altclip,face,0.5982850277423859,0.1,0.6148704081773758,0.08,0.7601883351802826,0.18
altclip,person,0.892865800857544,0.94,0.9691489362716674,1.0,0.9752732014656067,1.0
altclip,vehicle,0.8565874397754669,0.84,0.93398601770401,1.0,0.9540662646293641,1.0
bge_m3,face,0.7552327346801758,0.24,0.8138899350166321,0.28,0.8839059829711914,0.44
bge_m3,person,0.8919979667663575,0.9,0.9581941962242126,1.0,0.9647298824787139,1.0
bge_m3,vehicle,0.8475884091854096,0.9,0.9295740675926208,0.98,0.9513804316520691,1.0
clip_b16,face,0.7823352372646332,0.12,0.8009260058403015,0.12,0.8818232572078705,0.22
clip_b16,person,0.8949253225326538,0.9,0.9495650100708007,0.96,0.9534611415863037,0.96
clip_b16,vehicle,0.8115225052833557,0.8,0.8470678949356079,0.86,0.8501258933544159,0.86
clip_l14,face,0.6931457185745239,0.16,0.7221459805965423,0.16,0.8404879593849182,0.4
clip_l14,person,0.8540265464782715,0.88,0.920296927690506,0.92,0.9233598601818085,0.9
clip_l14,vehicle,0.7922721970081329,0.78,0.8275556695461274,0.88,0.8272826707363129,0.92
deberta_v3_base_mean_pool,face,0.93842942237854,0.02,0.9544121694564819,0.04,0.9767129182815552,0.06
deberta_v3_base_mean_pool,person,0.9728796017169953,0.14,0.9807250094413758,0.2,0.9810046839714051,0.42
deberta_v3_base_mean_pool,vehicle,0.9403359031677246,0.18,0.9696995770931244,0.34,0.9751624917984009,0.56
eva02_clip_l14,face,0.7155991661548614,0.22,0.7497398519515991,0.26,0.8462981474399567,0.44
eva02_clip_l14,person,0.85659334897995,0.94,0.9466164255142212,1.0,0.95498042345047,1.0
eva02_clip_l14,vehicle,0.8071184456348419,0.84,0.8760125267505646,0.98,0.9036209428310394,1.0
jina_clip_v2,face,0.8333183693885803,0.48,0.8859175920486451,0.58,0.9266323590278626,0.62
jina_clip_v2,person,0.9160793840885162,0.9,0.9834471619129181,1.0,0.989140088558197,1.0
jina_clip_v2,vehicle,0.9039049077033997,0.88,0.951388088464737,0.98,0.9667845416069031,1.0
siglip2_b16_224,face,0.8180783510208129,0.02,0.84752143740654,0.02,0.8962597358226776,0.02
siglip2_b16_224,person,0.849789047241211,0.9,0.9110127997398376,0.92,0.9168734765052795,0.94
siglip2_b16_224,vehicle,0.838910311460495,0.26,0.8760401022434234,0.5,0.9010038757324219,0.7
