model,domain,variant_type,n,mean_tokens,truncation_rate
altclip,face,identity,50,278.0,0.0
altclip,face,llm_attribute_list,50,203.16,0.0
altclip,face,llm_balanced,50,53.06,0.0
altclip,face,llm_brief,50,31.78,0.0
altclip,face,llm_detailed,50,109.38,0.0
altclip,face,llm_distinctive_first,50,153.28,0.0
altclip,face,llm_human_description,50,66.04,0.0
altclip,person,identity,50,43.18,0.0
altclip,person,llm_attribute_list,50,46.34,0.0
altclip,person,llm_balanced,50,41.28,0.0
altclip,person,llm_brief,50,27.44,0.0
altclip,person,llm_detailed,50,49.02,0.0
altclip,person,llm_distinctive_first,50,48.64,0.0
altclip,person,llm_human_description,50,48.96,0.0
altclip,vehicle,identity,50,30.34,0.0
altclip,vehicle,llm_attribute_list,50,32.18,0.0
altclip,vehicle,llm_balanced,50,22.26,0.0
altclip,vehicle,llm_brief,50,11.58,0.0
altclip,vehicle,llm_detailed,50,30.92,0.0
altclip,vehicle,llm_distinctive_first,50,29.72,0.0
altclip,vehicle,llm_human_description,50,34.38,0.0
bge_m3,face,identity,50,278.0,0.0
bge_m3,face,llm_attribute_list,50,203.16,0.0
bge_m3,face,llm_balanced,50,53.06,0.0
bge_m3,face,llm_brief,50,31.78,0.0
bge_m3,face,llm_detailed,50,109.38,0.0
bge_m3,face,llm_distinctive_first,50,153.28,0.0
bge_m3,face,llm_human_description,50,66.04,0.0
bge_m3,person,identity,50,43.18,0.0
bge_m3,person,llm_attribute_list,50,46.34,0.0
bge_m3,person,llm_balanced,50,41.28,0.0
bge_m3,person,llm_brief,50,27.44,0.0
bge_m3,person,llm_detailed,50,49.02,0.0
bge_m3,person,llm_distinctive_first,50,48.64,0.0
bge_m3,person,llm_human_description,50,48.96,0.0
bge_m3,vehicle,identity,50,30.34,0.0
bge_m3,vehicle,llm_attribute_list,50,32.18,0.0
bge_m3,vehicle,llm_balanced,50,22.26,0.0
bge_m3,vehicle,llm_brief,50,11.58,0.0
bge_m3,vehicle,llm_detailed,50,30.92,0.0
bge_m3,vehicle,llm_distinctive_first,50,29.72,0.0
bge_m3,vehicle,llm_human_description,50,34.38,0.0
clip_b16,face,identity,50,218.38,1.0
clip_b16,face,llm_attribute_list,50,157.78,1.0
clip_b16,face,llm_balanced,50,43.28,0.0
clip_b16,face,llm_brief,50,26.56,0.0
clip_b16,face,llm_detailed,50,86.56,0.76
clip_b16,face,llm_distinctive_first,50,121.68,0.98
clip_b16,face,llm_human_description,50,54.6,0.0
clip_b16,person,identity,50,35.32,0.0
clip_b16,person,llm_attribute_list,50,38.98,0.0
clip_b16,person,llm_balanced,50,34.92,0.0
clip_b16,person,llm_brief,50,23.14,0.0
clip_b16,person,llm_detailed,50,40.7,0.02
clip_b16,person,llm_distinctive_first,50,39.82,0.02
clip_b16,person,llm_human_description,50,42.1,0.0
clip_b16,vehicle,identity,50,24.8,0.0
clip_b16,vehicle,llm_attribute_list,50,26.64,0.0
clip_b16,vehicle,llm_balanced,50,18.3,0.0
clip_b16,vehicle,llm_brief,50,10.2,0.0
clip_b16,vehicle,llm_detailed,50,25.06,0.0
clip_b16,vehicle,llm_distinctive_first,50,24.18,0.0
clip_b16,vehicle,llm_human_description,50,29.18,0.0
clip_l14,face,identity,50,218.38,1.0
clip_l14,face,llm_attribute_list,50,157.78,1.0
clip_l14,face,llm_balanced,50,43.28,0.0
clip_l14,face,llm_brief,50,26.56,0.0
clip_l14,face,llm_detailed,50,86.56,0.76
clip_l14,face,llm_distinctive_first,50,121.68,0.98
clip_l14,face,llm_human_description,50,54.6,0.0
clip_l14,person,identity,50,35.32,0.0
clip_l14,person,llm_attribute_list,50,38.98,0.0
clip_l14,person,llm_balanced,50,34.92,0.0
clip_l14,person,llm_brief,50,23.14,0.0
clip_l14,person,llm_detailed,50,40.7,0.02
clip_l14,person,llm_distinctive_first,50,39.82,0.02
clip_l14,person,llm_human_description,50,42.1,0.0
clip_l14,vehicle,identity,50,24.8,0.0
clip_l14,vehicle,llm_attribute_list,50,26.64,0.0
clip_l14,vehicle,llm_balanced,50,18.3,0.0
clip_l14,vehicle,llm_brief,50,10.2,0.0
clip_l14,vehicle,llm_detailed,50,25.06,0.0
clip_l14,vehicle,llm_distinctive_first,50,24.18,0.0
clip_l14,vehicle,llm_human_description,50,29.18,0.0
deberta_v3_base_mean_pool,face,identity,50,207.14,0.0
deberta_v3_base_mean_pool,face,llm_attribute_list,50,149.18,0.0
deberta_v3_base_mean_pool,face,llm_balanced,50,40.8,0.0
deberta_v3_base_mean_pool,face,llm_brief,50,25.02,0.0
deberta_v3_base_mean_pool,face,llm_detailed,50,82.56,0.0
deberta_v3_base_mean_pool,face,llm_distinctive_first,50,115.24,0.0
deberta_v3_base_mean_pool,face,llm_human_description,50,52.46,0.0
deberta_v3_base_mean_pool,person,identity,50,34.2,0.0
deberta_v3_base_mean_pool,person,llm_attribute_list,50,37.92,0.0
deberta_v3_base_mean_pool,person,llm_balanced,50,33.76,0.0
deberta_v3_base_mean_pool,person,llm_brief,50,22.68,0.0
deberta_v3_base_mean_pool,person,llm_detailed,50,39.5,0.0
deberta_v3_base_mean_pool,person,llm_distinctive_first,50,38.52,0.0
deberta_v3_base_mean_pool,person,llm_human_description,50,42.0,0.0
deberta_v3_base_mean_pool,vehicle,identity,50,23.88,0.0
deberta_v3_base_mean_pool,vehicle,llm_attribute_list,50,25.62,0.0
deberta_v3_base_mean_pool,vehicle,llm_balanced,50,17.52,0.0
deberta_v3_base_mean_pool,vehicle,llm_brief,50,9.64,0.0
deberta_v3_base_mean_pool,vehicle,llm_detailed,50,23.98,0.0
deberta_v3_base_mean_pool,vehicle,llm_distinctive_first,50,23.16,0.0
deberta_v3_base_mean_pool,vehicle,llm_human_description,50,28.44,0.0
eva02_clip_l14,face,identity,50,218.38,1.0
eva02_clip_l14,face,llm_attribute_list,50,157.78,1.0
eva02_clip_l14,face,llm_balanced,50,43.28,0.0
eva02_clip_l14,face,llm_brief,50,26.56,0.0
eva02_clip_l14,face,llm_detailed,50,86.56,0.76
eva02_clip_l14,face,llm_distinctive_first,50,121.68,0.98
eva02_clip_l14,face,llm_human_description,50,54.6,0.0
eva02_clip_l14,person,identity,50,35.32,0.0
eva02_clip_l14,person,llm_attribute_list,50,38.98,0.0
eva02_clip_l14,person,llm_balanced,50,34.92,0.0
eva02_clip_l14,person,llm_brief,50,23.14,0.0
eva02_clip_l14,person,llm_detailed,50,40.7,0.02
eva02_clip_l14,person,llm_distinctive_first,50,39.82,0.02
eva02_clip_l14,person,llm_human_description,50,42.1,0.0
eva02_clip_l14,vehicle,identity,50,24.8,0.0
eva02_clip_l14,vehicle,llm_attribute_list,50,26.64,0.0
eva02_clip_l14,vehicle,llm_balanced,50,18.3,0.0
eva02_clip_l14,vehicle,llm_brief,50,10.2,0.0
eva02_clip_l14,vehicle,llm_detailed,50,25.06,0.0
eva02_clip_l14,vehicle,llm_distinctive_first,50,24.18,0.0
eva02_clip_l14,vehicle,llm_human_description,50,29.18,0.0
jina_clip_v2,face,identity,50,278.0,0.0
jina_clip_v2,face,llm_attribute_list,50,203.16,0.0
jina_clip_v2,face,llm_balanced,50,53.06,0.0
jina_clip_v2,face,llm_brief,50,31.78,0.0
jina_clip_v2,face,llm_detailed,50,109.38,0.0
jina_clip_v2,face,llm_distinctive_first,50,153.28,0.0
jina_clip_v2,face,llm_human_description,50,66.04,0.0
jina_clip_v2,person,identity,50,43.18,0.0
jina_clip_v2,person,llm_attribute_list,50,46.34,0.0
jina_clip_v2,person,llm_balanced,50,41.28,0.0
jina_clip_v2,person,llm_brief,50,27.44,0.0
jina_clip_v2,person,llm_detailed,50,49.02,0.0
jina_clip_v2,person,llm_distinctive_first,50,48.64,0.0
jina_clip_v2,person,llm_human_description,50,48.96,0.0
jina_clip_v2,vehicle,identity,50,30.34,0.0
jina_clip_v2,vehicle,llm_attribute_list,50,32.18,0.0
jina_clip_v2,vehicle,llm_balanced,50,22.26,0.0
jina_clip_v2,vehicle,llm_brief,50,11.58,0.0
jina_clip_v2,vehicle,llm_detailed,50,30.92,0.0
jina_clip_v2,vehicle,llm_distinctive_first,50,29.72,0.0
jina_clip_v2,vehicle,llm_human_description,50,34.38,0.0
siglip2_b16_224,face,identity,50,206.58,1.0
siglip2_b16_224,face,llm_attribute_list,50,148.44,1.0
siglip2_b16_224,face,llm_balanced,50,40.54,0.02
siglip2_b16_224,face,llm_brief,50,24.3,0.0
siglip2_b16_224,face,llm_detailed,50,82.38,0.94
siglip2_b16_224,face,llm_distinctive_first,50,115.2,1.0
siglip2_b16_224,face,llm_human_description,50,51.94,0.14
siglip2_b16_224,person,identity,50,34.06,0.02
siglip2_b16_224,person,llm_attribute_list,50,37.78,0.02
siglip2_b16_224,person,llm_balanced,50,33.66,0.0
siglip2_b16_224,person,llm_brief,50,21.94,0.0
siglip2_b16_224,person,llm_detailed,50,39.42,0.02
siglip2_b16_224,person,llm_distinctive_first,50,38.46,0.04
siglip2_b16_224,person,llm_human_description,50,41.68,0.04
siglip2_b16_224,vehicle,identity,50,23.48,0.0
siglip2_b16_224,vehicle,llm_attribute_list,50,25.3,0.0
siglip2_b16_224,vehicle,llm_balanced,50,16.78,0.0
siglip2_b16_224,vehicle,llm_brief,50,8.9,0.0
siglip2_b16_224,vehicle,llm_detailed,50,23.48,0.0
siglip2_b16_224,vehicle,llm_distinctive_first,50,22.56,0.0
siglip2_b16_224,vehicle,llm_human_description,50,27.78,0.0
