model,sample_id,domain,contrast,reference_variant,changed_variant,reference_cosine,changed_cosine,delta_cosine
lexical_hash_baseline,person::train::00197_4.png,person,synonym_minus_color_change,synonym_light,color_change,1.0,0.9350035190582275,0.06499648094177246
lexical_hash_baseline,person::train::03736_1.jpg,person,synonym_minus_color_change,synonym_light,color_change,0.9999999403953552,0.9679060578346252,0.03209388256072998
lexical_hash_baseline,person::train::06597_2.jpg,person,synonym_minus_color_change,synonym_light,color_change,0.6347327828407288,0.8975881338119507,-0.2628553509712219
lexical_hash_baseline,person::train::10977_1.jpg,person,synonym_minus_color_change,synonym_light,color_change,0.8760330677032471,0.9586777687072754,-0.08264470100402832
lexical_hash_baseline,person::train::12050_5.jpg,person,synonym_minus_color_change,synonym_light,color_change,1.0000001192092896,0.9202643632888794,0.07973575592041016
lexical_hash_baseline,person::train::08529_4.jpg,person,synonym_minus_color_change,synonym_light,color_change,0.9999999403953552,0.921099066734314,0.07890087366104126
lexical_hash_baseline,person::train::01742_4.jpg,person,synonym_minus_color_change,synonym_light,color_change,0.9672665596008301,0.9449695348739624,0.022297024726867676
lexical_hash_baseline,person::train::05158_3.jpg,person,synonym_minus_color_change,synonym_light,color_change,1.0000001192092896,0.8235294818878174,0.17647063732147217
lexical_hash_baseline,person::train::02167_1.jpg,person,synonym_minus_color_change,synonym_light,color_change,0.933462917804718,0.9484168291091919,-0.014953911304473877
lexical_hash_baseline,person::train::00233_10.png,person,synonym_minus_color_change,synonym_light,color_change,0.7435358762741089,0.898618221282959,-0.1550823450088501
lexical_hash_baseline,person::train::01108_7.png,person,synonym_minus_color_change,synonym_light,color_change,1.0,0.8832083940505981,0.11679160594940186
lexical_hash_baseline,person::train::06085_7.jpg,person,synonym_minus_color_change,synonym_light,color_change,0.930232584476471,0.8932058811187744,0.03702670335769653
lexical_hash_baseline,person::train::12462_1.jpg,person,synonym_minus_color_change,synonym_light,color_change,0.6666666865348816,0.888888955116272,-0.22222226858139038
lexical_hash_baseline,person::train::01924_2.jpg,person,synonym_minus_color_change,synonym_light,color_change,0.8306931853294373,0.9538460969924927,-0.12315291166305542
lexical_hash_baseline,person::train::00969_2.png,person,synonym_minus_color_change,synonym_light,color_change,0.9243469834327698,0.9362388849258423,-0.01189190149307251
lexical_hash_baseline,person::train::09634_1.jpg,person,synonym_minus_color_change,synonym_light,color_change,0.9483110904693604,0.9737216234207153,-0.02541053295135498
lexical_hash_baseline,person::train::11561_6.jpg,person,synonym_minus_color_change,synonym_light,color_change,0.8647300004959106,0.952872633934021,-0.08814263343811035
lexical_hash_baseline,person::train::08528_6.jpg,person,synonym_minus_color_change,synonym_light,color_change,0.9168657064437866,0.936170220375061,-0.019304513931274414
lexical_hash_baseline,person::train::01287_5.jpg,person,synonym_minus_color_change,synonym_light,color_change,1.0000001192092896,0.9411765933036804,0.05882352590560913
lexical_hash_baseline,person::train::10252_1.jpg,person,synonym_minus_color_change,synonym_light,color_change,0.8323078155517578,0.9546550512313843,-0.12234723567962646
lexical_hash_baseline,person::train::08924_1.jpg,person,synonym_minus_color_change,synonym_light,color_change,0.9256511330604553,0.9378262758255005,-0.012175142765045166
lexical_hash_baseline,person::train::02319_1.jpg,person,synonym_minus_color_change,synonym_light,color_change,0.6299407482147217,0.9142856597900391,-0.2843449115753174
lexical_hash_baseline,person::train::09715_3.jpg,person,synonym_minus_color_change,synonym_light,color_change,0.8950468897819519,0.9157820343971252,-0.02073514461517334
lexical_hash_baseline,person::train::13508_2.jpg,person,synonym_minus_color_change,synonym_light,color_change,0.936170220375061,0.9339917302131653,0.002178490161895752
lexical_hash_baseline,person::train::09751_6.jpg,person,synonym_minus_color_change,synonym_light,color_change,1.0,0.8934270143508911,0.10657298564910889
lexical_hash_baseline,person::train::11903_4.jpg,person,synonym_minus_color_change,synonym_light,color_change,0.9277108907699585,0.963855504989624,-0.03614461421966553
lexical_hash_baseline,person::train::03720_4.jpg,person,synonym_minus_color_change,synonym_light,color_change,1.0000001192092896,0.9213717579841614,0.07862836122512817
lexical_hash_baseline,person::train::26249_12.jpg,person,synonym_minus_color_change,synonym_light,color_change,0.9032257795333862,0.946861982345581,-0.043636202812194824
lexical_hash_baseline,person::train::08634_3.jpg,person,synonym_minus_color_change,synonym_light,color_change,1.000000238418579,0.9779677391052246,0.022032499313354492
lexical_hash_baseline,person::train::00837_3.png,person,synonym_minus_color_change,synonym_light,color_change,0.8485822677612305,0.9541738629341125,-0.10559159517288208
lexical_hash_baseline,person::query::26685_1.jpg,person,synonym_minus_color_change,synonym_light,color_change,0.732014536857605,0.8752736449241638,-0.14325910806655884
lexical_hash_baseline,person::query::14604_1.png,person,synonym_minus_color_change,synonym_light,color_change,1.0000001192092896,0.9438799023628235,0.056120216846466064
lexical_hash_baseline,person::query::27008_3.jpg,person,synonym_minus_color_change,synonym_light,color_change,0.9035147428512573,0.9213718175888062,-0.017857074737548828
lexical_hash_baseline,person::query::14994_1.png,person,synonym_minus_color_change,synonym_light,color_change,0.7608274221420288,0.9320590496063232,-0.17123162746429443
lexical_hash_baseline,person::query::14459_1.png,person,synonym_minus_color_change,synonym_light,color_change,0.8529175519943237,0.9484168291091919,-0.09549927711486816
lexical_hash_baseline,person::query::26943_3.jpg,person,synonym_minus_color_change,synonym_light,color_change,0.7634223103523254,0.9213718175888062,-0.1579495072364807
lexical_hash_baseline,person::query::26789_3.jpg,person,synonym_minus_color_change,synonym_light,color_change,0.7418864965438843,0.9424819946289062,-0.20059549808502197
lexical_hash_baseline,person::query::26935_2.jpg,person,synonym_minus_color_change,synonym_light,color_change,0.8148148655891418,0.888888955116272,-0.07407408952713013
lexical_hash_baseline,person::query::27100_1.jpg,person,synonym_minus_color_change,synonym_light,color_change,0.7709062099456787,0.950131893157959,-0.17922568321228027
lexical_hash_baseline,person::gallery::26474_5.jpg,person,synonym_minus_color_change,synonym_light,color_change,0.9508194327354431,0.950131893157959,0.0006875395774841309
lexical_hash_baseline,person::gallery::27153_5.jpg,person,synonym_minus_color_change,synonym_light,color_change,0.8238858580589294,0.8484848737716675,-0.024599015712738037
lexical_hash_baseline,person::gallery::26789_1.jpg,person,synonym_minus_color_change,synonym_light,color_change,0.9393939971923828,0.9090908765792847,0.030303120613098145
lexical_hash_baseline,person::gallery::26991_3.jpg,person,synonym_minus_color_change,synonym_light,color_change,0.7692307233810425,0.9532413482666016,-0.18401062488555908
lexical_hash_baseline,person::gallery::26735_2.jpg,person,synonym_minus_color_change,synonym_light,color_change,0.9454547166824341,0.9454547166824341,0.0
lexical_hash_baseline,person::gallery::14888_1.png,person,synonym_minus_color_change,synonym_light,color_change,1.0000001192092896,0.957240641117096,0.042759478092193604
lexical_hash_baseline,person::gallery::26774_3.jpg,person,synonym_minus_color_change,synonym_light,color_change,0.8292683362960815,0.924293041229248,-0.0950247049331665
lexical_hash_baseline,person::gallery::15309_3.png,person,synonym_minus_color_change,synonym_light,color_change,0.9428570866584778,0.9142856597900391,0.02857142686843872
lexical_hash_baseline,person::gallery::15194_3.png,person,synonym_minus_color_change,synonym_light,color_change,0.9132593274116516,0.9333332777023315,-0.02007395029067993
lexical_hash_baseline,vehicle::train_images::19666_c077_02.jpg,vehicle,synonym_minus_color_change,synonym_light,color_change,1.0,0.8695651888847351,0.1304348111152649
lexical_hash_baseline,vehicle::train_images::13184_c012_02.jpg,vehicle,synonym_minus_color_change,synonym_light,color_change,0.9999999403953552,0.9189189076423645,0.08108103275299072
lexical_hash_baseline,vehicle::train_images::13608_c139_04.jpg,vehicle,synonym_minus_color_change,synonym_light,color_change,1.0,0.9090908765792847,0.09090912342071533
lexical_hash_baseline,vehicle::train_images::12849_c170_02.jpg,vehicle,synonym_minus_color_change,synonym_light,color_change,0.9999999403953552,0.8421052098274231,0.15789473056793213
lexical_hash_baseline,vehicle::train_images::10839_c110_00.jpg,vehicle,synonym_minus_color_change,synonym_light,color_change,1.0,0.9090909361839294,0.09090906381607056
lexical_hash_baseline,vehicle::train_images::02440_c090_02.jpg,vehicle,synonym_minus_color_change,synonym_light,color_change,1.0,0.9275362491607666,0.0724637508392334
lexical_hash_baseline,vehicle::train_images::12341_c073_00.jpg,vehicle,synonym_minus_color_change,synonym_light,color_change,0.9999999403953552,0.8571428060531616,0.1428571343421936
lexical_hash_baseline,vehicle::train_images::18263_c110_02.jpg,vehicle,synonym_minus_color_change,synonym_light,color_change,0.9999999403953552,0.8645298480987549,0.13547009229660034
lexical_hash_baseline,vehicle::train_images::10529_c003_02.jpg,vehicle,synonym_minus_color_change,synonym_light,color_change,1.0,0.8645298480987549,0.13547015190124512
lexical_hash_baseline,vehicle::train_images::15907_c041_04.jpg,vehicle,synonym_minus_color_change,synonym_light,color_change,1.0,0.7272727489471436,0.27272725105285645
lexical_hash_baseline,vehicle::train_images::08854_c110_02.jpg,vehicle,synonym_minus_color_change,synonym_light,color_change,0.4365641474723816,0.6888467073440552,-0.2522825598716736
lexical_hash_baseline,vehicle::train_images::04922_c023_01.jpg,vehicle,synonym_minus_color_change,synonym_light,color_change,0.9999999403953552,0.8571428060531616,0.1428571343421936
lexical_hash_baseline,vehicle::train_images::19263_c030_03.jpg,vehicle,synonym_minus_color_change,synonym_light,color_change,1.0,0.8275861740112305,0.17241382598876953
lexical_hash_baseline,vehicle::train_images::07345_c110_03.jpg,vehicle,synonym_minus_color_change,synonym_light,color_change,1.000000238418579,0.9252892732620239,0.07471096515655518
lexical_hash_baseline,vehicle::train_images::19520_c034_01.jpg,vehicle,synonym_minus_color_change,synonym_light,color_change,0.9999999403953552,0.9142856597900391,0.08571428060531616
lexical_hash_baseline,vehicle::train_images::16253_c139_00.jpg,vehicle,synonym_minus_color_change,synonym_light,color_change,1.0000001192092896,0.6666667461395264,0.3333333730697632
lexical_hash_baseline,vehicle::train_images::06987_c051_04.jpg,vehicle,synonym_minus_color_change,synonym_light,color_change,1.0,0.8441623449325562,0.15583765506744385
lexical_hash_baseline,vehicle::train_images::05685_c100_04.jpg,vehicle,synonym_minus_color_change,synonym_light,color_change,1.0,0.888888955116272,0.11111104488372803
lexical_hash_baseline,vehicle::train_images::16614_c041_04.jpg,vehicle,synonym_minus_color_change,synonym_light,color_change,0.9999999403953552,0.7999999523162842,0.19999998807907104
lexical_hash_baseline,vehicle::train_images::13946_c012_04.jpg,vehicle,synonym_minus_color_change,synonym_light,color_change,1.0,0.6666667461395264,0.33333325386047363
lexical_hash_baseline,vehicle::train_images::14133_c170_01.jpg,vehicle,synonym_minus_color_change,synonym_light,color_change,1.0000001192092896,0.880000114440918,0.12000000476837158
lexical_hash_baseline,vehicle::train_images::16747_c163_03.jpg,vehicle,synonym_minus_color_change,synonym_light,color_change,1.0,0.8888888955116272,0.1111111044883728
lexical_hash_baseline,vehicle::train_images::05432_c163_04.jpg,vehicle,synonym_minus_color_change,synonym_light,color_change,1.0,0.7272727489471436,0.27272725105285645
lexical_hash_baseline,vehicle::train_images::19057_c170_04.jpg,vehicle,synonym_minus_color_change,synonym_light,color_change,1.0,0.9651815295219421,0.03481847047805786
lexical_hash_baseline,vehicle::train_images::04455_c078_00.jpg,vehicle,synonym_minus_color_change,synonym_light,color_change,1.0,0.9090909361839294,0.09090906381607056
lexical_hash_baseline,vehicle::train_images::14387_c163_04.jpg,vehicle,synonym_minus_color_change,synonym_light,color_change,0.8827347755432129,0.9051114320755005,-0.022376656532287598
lexical_hash_baseline,vehicle::train_images::09221_c139_03.jpg,vehicle,synonym_minus_color_change,synonym_light,color_change,1.0,0.95652174949646,0.04347825050354004
lexical_hash_baseline,vehicle::train_images::04724_c110_02.jpg,vehicle,synonym_minus_color_change,synonym_light,color_change,1.0000001192092896,0.6666666865348816,0.33333343267440796
lexical_hash_baseline,vehicle::train_images::08361_c094_04.jpg,vehicle,synonym_minus_color_change,synonym_light,color_change,1.0000001192092896,0.9032258987426758,0.09677422046661377
lexical_hash_baseline,vehicle::train_images::03678_c014_03.jpg,vehicle,synonym_minus_color_change,synonym_light,color_change,0.9999999403953552,0.9142856597900391,0.08571428060531616
lexical_hash_baseline,vehicle::query_images::20204_c041_01.jpg,vehicle,synonym_minus_color_change,synonym_light,color_change,0.9999999403953552,0.8571428060531616,0.1428571343421936
lexical_hash_baseline,vehicle::query_images::21022_c078_01.jpg,vehicle,synonym_minus_color_change,synonym_light,color_change,0.9999999403953552,0.7999999523162842,0.19999998807907104
lexical_hash_baseline,vehicle::query_images::20039_c015_00.jpg,vehicle,synonym_minus_color_change,synonym_light,color_change,0.9999999403953552,0.924293041229248,0.07570689916610718
lexical_hash_baseline,vehicle::query_images::20298_c122_00.jpg,vehicle,synonym_minus_color_change,synonym_light,color_change,1.0,0.703526496887207,0.29647350311279297
lexical_hash_baseline,vehicle::query_images::21010_c163_01.jpg,vehicle,synonym_minus_color_change,synonym_light,color_change,0.9999998807907104,0.9433960914611816,0.05660378932952881
lexical_hash_baseline,vehicle::query_images::20249_c003_00.jpg,vehicle,synonym_minus_color_change,synonym_light,color_change,1.0,0.8235294818878174,0.17647051811218262
lexical_hash_baseline,vehicle::query_images::20506_c051_01.jpg,vehicle,synonym_minus_color_change,synonym_light,color_change,1.0,0.7692307829856873,0.23076921701431274
lexical_hash_baseline,vehicle::query_images::21112_c079_00.jpg,vehicle,synonym_minus_color_change,synonym_light,color_change,0.9610389471054077,0.9603415131568909,0.0006974339485168457
lexical_hash_baseline,vehicle::query_images::20949_c003_01.jpg,vehicle,synonym_minus_color_change,synonym_light,color_change,0.9232476949691772,0.9411765933036804,-0.017928898334503174
lexical_hash_baseline,vehicle::query_images::20272_c102_00.jpg,vehicle,synonym_minus_color_change,synonym_light,color_change,1.0000001192092896,0.8235294818878174,0.17647063732147217
lexical_hash_baseline,vehicle::gallery_images::20591_c110_03.jpg,vehicle,synonym_minus_color_change,synonym_light,color_change,0.9333333969116211,0.9333333969116211,0.0
lexical_hash_baseline,vehicle::gallery_images::20535_c170_02.jpg,vehicle,synonym_minus_color_change,synonym_light,color_change,1.0,0.769230842590332,0.23076915740966797
lexical_hash_baseline,vehicle::gallery_images::20877_c110_00.jpg,vehicle,synonym_minus_color_change,synonym_light,color_change,0.9575009346008301,0.9462365508079529,0.011264383792877197
lexical_hash_baseline,vehicle::gallery_images::20159_c003_00.jpg,vehicle,synonym_minus_color_change,synonym_light,color_change,0.9005004167556763,0.8965517282485962,0.003948688507080078
lexical_hash_baseline,vehicle::gallery_images::21199_c014_04.jpg,vehicle,synonym_minus_color_change,synonym_light,color_change,0.9999999403953552,0.8571428060531616,0.1428571343421936
lexical_hash_baseline,vehicle::gallery_images::20762_c156_00.jpg,vehicle,synonym_minus_color_change,synonym_light,color_change,1.0,0.8695651888847351,0.1304348111152649
lexical_hash_baseline,vehicle::gallery_images::20070_c017_01.jpg,vehicle,synonym_minus_color_change,synonym_light,color_change,0.9999999403953552,0.9473683834075928,0.05263155698776245
lexical_hash_baseline,vehicle::gallery_images::21216_c003_04.jpg,vehicle,synonym_minus_color_change,synonym_light,color_change,0.9999999403953552,0.8421052098274231,0.15789473056793213
lexical_hash_baseline,vehicle::gallery_images::20559_c170_01.jpg,vehicle,synonym_minus_color_change,synonym_light,color_change,1.0,0.9706350564956665,0.029364943504333496
lexical_hash_baseline,vehicle::gallery_images::20401_c023_03.jpg,vehicle,synonym_minus_color_change,synonym_light,color_change,1.0,0.9230769872665405,0.07692301273345947
lexical_hash_baseline,person::train::00197_4.png,person,synonym_minus_attribute_exchange,synonym_light,attribute_exchange,1.0,0.957446813583374,0.04255318641662598
lexical_hash_baseline,person::train::03736_1.jpg,person,synonym_minus_attribute_exchange,synonym_light,attribute_exchange,0.9999999403953552,0.9575009346008301,0.042499005794525146
lexical_hash_baseline,person::train::10977_1.jpg,person,synonym_minus_attribute_exchange,synonym_light,attribute_exchange,0.8760330677032471,0.9669422507286072,-0.09090918302536011
lexical_hash_baseline,person::train::12050_5.jpg,person,synonym_minus_attribute_exchange,synonym_light,attribute_exchange,1.0000001192092896,0.8974360227584839,0.10256409645080566
lexical_hash_baseline,person::train::08529_4.jpg,person,synonym_minus_attribute_exchange,synonym_light,attribute_exchange,0.9999999403953552,0.9692307114601135,0.0307692289352417
lexical_hash_baseline,person::train::00233_10.png,person,synonym_minus_attribute_exchange,synonym_light,attribute_exchange,0.7435358762741089,0.9024391174316406,-0.15890324115753174
lexical_hash_baseline,person::train::01108_7.png,person,synonym_minus_attribute_exchange,synonym_light,attribute_exchange,1.0,0.9555555582046509,0.04444444179534912
lexical_hash_baseline,person::train::06085_7.jpg,person,synonym_minus_attribute_exchange,synonym_light,attribute_exchange,0.930232584476471,0.9069768190383911,0.023255765438079834
lexical_hash_baseline,person::train::01924_2.jpg,person,synonym_minus_attribute_exchange,synonym_light,attribute_exchange,0.8306931853294373,0.9384614825248718,-0.10776829719543457
lexical_hash_baseline,person::train::00969_2.png,person,synonym_minus_attribute_exchange,synonym_light,attribute_exchange,0.9243469834327698,0.9506173133850098,-0.02627032995223999
lexical_hash_baseline,person::train::11561_6.jpg,person,synonym_minus_attribute_exchange,synonym_light,attribute_exchange,0.8647300004959106,0.9811757802963257,-0.11644577980041504
lexical_hash_baseline,person::train::08528_6.jpg,person,synonym_minus_attribute_exchange,synonym_light,attribute_exchange,0.9168657064437866,0.9120122790336609,0.004853427410125732
lexical_hash_baseline,person::train::01287_5.jpg,person,synonym_minus_attribute_exchange,synonym_light,attribute_exchange,1.0000001192092896,0.9191333651542664,0.0808667540550232
lexical_hash_baseline,person::train::10252_1.jpg,person,synonym_minus_attribute_exchange,synonym_light,attribute_exchange,0.8323078155517578,0.941278338432312,-0.1089705228805542
lexical_hash_baseline,person::train::02319_1.jpg,person,synonym_minus_attribute_exchange,synonym_light,attribute_exchange,0.6299407482147217,0.8857142329216003,-0.25577348470687866
lexical_hash_baseline,person::train::11903_4.jpg,person,synonym_minus_attribute_exchange,synonym_light,attribute_exchange,0.9277108907699585,0.9524484276771545,-0.024737536907196045
lexical_hash_baseline,person::train::03720_4.jpg,person,synonym_minus_attribute_exchange,synonym_light,attribute_exchange,1.0000001192092896,0.8974360227584839,0.10256409645080566
lexical_hash_baseline,person::train::26249_12.jpg,person,synonym_minus_attribute_exchange,synonym_light,attribute_exchange,0.9032257795333862,0.9569892883300781,-0.053763508796691895
lexical_hash_baseline,person::train::08634_3.jpg,person,synonym_minus_attribute_exchange,synonym_light,attribute_exchange,1.000000238418579,0.9632614254951477,0.036738812923431396
lexical_hash_baseline,person::query::26685_1.jpg,person,synonym_minus_attribute_exchange,synonym_light,attribute_exchange,0.732014536857605,0.9487180709838867,-0.21670353412628174
lexical_hash_baseline,person::query::14604_1.png,person,synonym_minus_attribute_exchange,synonym_light,attribute_exchange,1.0000001192092896,0.9260846972465515,0.07391542196273804
lexical_hash_baseline,person::query::14994_1.png,person,synonym_minus_attribute_exchange,synonym_light,attribute_exchange,0.7608274221420288,0.9069768190383911,-0.1461493968963623
lexical_hash_baseline,person::query::14459_1.png,person,synonym_minus_attribute_exchange,synonym_light,attribute_exchange,0.8529175519943237,0.9491525888442993,-0.09623503684997559
lexical_hash_baseline,person::query::26789_3.jpg,person,synonym_minus_attribute_exchange,synonym_light,attribute_exchange,0.7418864965438843,0.9411765336990356,-0.19929003715515137
lexical_hash_baseline,person::query::26935_2.jpg,person,synonym_minus_attribute_exchange,synonym_light,attribute_exchange,0.8148148655891418,0.8467804193496704,-0.031965553760528564
lexical_hash_baseline,person::query::27100_1.jpg,person,synonym_minus_attribute_exchange,synonym_light,attribute_exchange,0.7709062099456787,0.9322034120559692,-0.16129720211029053
lexical_hash_baseline,person::gallery::26474_5.jpg,person,synonym_minus_attribute_exchange,synonym_light,attribute_exchange,0.9508194327354431,0.9517367482185364,-0.0009173154830932617
lexical_hash_baseline,person::gallery::26789_1.jpg,person,synonym_minus_attribute_exchange,synonym_light,attribute_exchange,0.9393939971923828,0.8787878751754761,0.06060612201690674
lexical_hash_baseline,person::gallery::26991_3.jpg,person,synonym_minus_attribute_exchange,synonym_light,attribute_exchange,0.7692307233810425,0.9384614825248718,-0.16923075914382935
lexical_hash_baseline,person::gallery::26735_2.jpg,person,synonym_minus_attribute_exchange,synonym_light,attribute_exchange,0.9454547166824341,0.9272729158401489,0.018181800842285156
lexical_hash_baseline,person::gallery::26774_3.jpg,person,synonym_minus_attribute_exchange,synonym_light,attribute_exchange,0.8292683362960815,0.9512194991111755,-0.121951162815094
lexical_hash_baseline,person::gallery::15194_3.png,person,synonym_minus_attribute_exchange,synonym_light,attribute_exchange,0.9132593274116516,0.9111111164093018,0.0021482110023498535
lexical_hash_baseline,vehicle::train_images::19666_c077_02.jpg,vehicle,synonym_minus_attribute_exchange,synonym_light,attribute_exchange,1.0,0.8260869383811951,0.17391306161880493
lexical_hash_baseline,vehicle::train_images::13184_c012_02.jpg,vehicle,synonym_minus_attribute_exchange,synonym_light,attribute_exchange,0.9999999403953552,0.8918918371200562,0.10810810327529907
lexical_hash_baseline,vehicle::train_images::13608_c139_04.jpg,vehicle,synonym_minus_attribute_exchange,synonym_light,attribute_exchange,1.0,0.8787878751754761,0.12121212482452393
lexical_hash_baseline,vehicle::train_images::02440_c090_02.jpg,vehicle,synonym_minus_attribute_exchange,synonym_light,attribute_exchange,1.0,0.9429534673690796,0.05704653263092041
lexical_hash_baseline,vehicle::train_images::19263_c030_03.jpg,vehicle,synonym_minus_attribute_exchange,synonym_light,attribute_exchange,1.0,0.8965517282485962,0.10344827175140381
lexical_hash_baseline,vehicle::train_images::07345_c110_03.jpg,vehicle,synonym_minus_attribute_exchange,synonym_light,attribute_exchange,1.000000238418579,0.8950468301773071,0.10495340824127197
lexical_hash_baseline,vehicle::train_images::19520_c034_01.jpg,vehicle,synonym_minus_attribute_exchange,synonym_light,attribute_exchange,0.9999999403953552,0.8857142329216003,0.11428570747375488
lexical_hash_baseline,vehicle::train_images::06987_c051_04.jpg,vehicle,synonym_minus_attribute_exchange,synonym_light,attribute_exchange,1.0,0.8787878751754761,0.12121212482452393
lexical_hash_baseline,vehicle::train_images::19057_c170_04.jpg,vehicle,synonym_minus_attribute_exchange,synonym_light,attribute_exchange,1.0,0.9529411792755127,0.047058820724487305
lexical_hash_baseline,vehicle::train_images::03678_c014_03.jpg,vehicle,synonym_minus_attribute_exchange,synonym_light,attribute_exchange,0.9999999403953552,0.8857142329216003,0.11428570747375488
lexical_hash_baseline,vehicle::query_images::20039_c015_00.jpg,vehicle,synonym_minus_attribute_exchange,synonym_light,attribute_exchange,0.9999999403953552,0.8918918371200562,0.10810810327529907
lexical_hash_baseline,vehicle::query_images::21112_c079_00.jpg,vehicle,synonym_minus_attribute_exchange,synonym_light,attribute_exchange,0.9610389471054077,0.9474504590034485,0.013588488101959229
lexical_hash_baseline,vehicle::gallery_images::20762_c156_00.jpg,vehicle,synonym_minus_attribute_exchange,synonym_light,attribute_exchange,1.0,0.8260869383811951,0.17391306161880493
lexical_hash_baseline,vehicle::gallery_images::20070_c017_01.jpg,vehicle,synonym_minus_attribute_exchange,synonym_light,attribute_exchange,0.9999999403953552,0.9311729073524475,0.06882703304290771
lexical_hash_baseline,vehicle::gallery_images::20401_c023_03.jpg,vehicle,synonym_minus_attribute_exchange,synonym_light,attribute_exchange,1.0,0.8974359631538391,0.10256403684616089
lexical_hash_baseline,person::train::00197_4.png,person,synonym_minus_negation,synonym_light,negation,1.0,0.9585413932800293,0.0414586067199707
lexical_hash_baseline,person::train::03736_1.jpg,person,synonym_minus_negation,synonym_light,negation,0.9999999403953552,0.9792197942733765,0.02078014612197876
lexical_hash_baseline,person::train::06597_2.jpg,person,synonym_minus_negation,synonym_light,negation,0.6347327828407288,0.9617162942886353,-0.3269835114479065
lexical_hash_baseline,person::train::10977_1.jpg,person,synonym_minus_negation,synonym_light,negation,0.8760330677032471,0.9836395382881165,-0.10760647058486938
lexical_hash_baseline,person::train::08529_4.jpg,person,synonym_minus_negation,synonym_light,negation,0.9999999403953552,0.9692307114601135,0.0307692289352417
lexical_hash_baseline,person::train::01742_4.jpg,person,synonym_minus_negation,synonym_light,negation,0.9672665596008301,0.9681397676467896,-0.0008732080459594727
lexical_hash_baseline,person::train::05158_3.jpg,person,synonym_minus_negation,synonym_light,negation,1.0000001192092896,0.8468097448348999,0.15319037437438965
lexical_hash_baseline,person::train::02167_1.jpg,person,synonym_minus_negation,synonym_light,negation,0.933462917804718,0.9484168291091919,-0.014953911304473877
lexical_hash_baseline,person::train::00233_10.png,person,synonym_minus_negation,synonym_light,negation,0.7435358762741089,0.9252892732620239,-0.18175339698791504
lexical_hash_baseline,person::train::01108_7.png,person,synonym_minus_negation,synonym_light,negation,1.0,0.9370189905166626,0.0629810094833374
lexical_hash_baseline,person::train::12462_1.jpg,person,synonym_minus_negation,synonym_light,negation,0.6666666865348816,0.9567477703094482,-0.29008108377456665
lexical_hash_baseline,person::train::01924_2.jpg,person,synonym_minus_negation,synonym_light,negation,0.8306931853294373,0.9698082804679871,-0.1391150951385498
lexical_hash_baseline,person::train::00969_2.png,person,synonym_minus_negation,synonym_light,negation,0.9243469834327698,0.9629629254341125,-0.03861594200134277
lexical_hash_baseline,person::train::09634_1.jpg,person,synonym_minus_negation,synonym_light,negation,0.9483110904693604,0.9827951192855835,-0.034484028816223145
lexical_hash_baseline,person::train::11561_6.jpg,person,synonym_minus_negation,synonym_light,negation,0.8647300004959106,0.9815236330032349,-0.11679363250732422
lexical_hash_baseline,person::train::01287_5.jpg,person,synonym_minus_negation,synonym_light,negation,1.0000001192092896,0.9424819946289062,0.0575181245803833
lexical_hash_baseline,person::train::10252_1.jpg,person,synonym_minus_negation,synonym_light,negation,0.8323078155517578,0.9559857845306396,-0.12367796897888184
lexical_hash_baseline,person::train::08924_1.jpg,person,synonym_minus_negation,synonym_light,negation,0.9256511330604553,0.976259708404541,-0.05060857534408569
lexical_hash_baseline,person::train::02319_1.jpg,person,synonym_minus_negation,synonym_light,negation,0.6299407482147217,0.9202643632888794,-0.2903236150741577
lexical_hash_baseline,person::train::09715_3.jpg,person,synonym_minus_negation,synonym_light,negation,0.8950468897819519,0.9459458589553833,-0.050898969173431396
lexical_hash_baseline,person::train::13508_2.jpg,person,synonym_minus_negation,synonym_light,negation,0.936170220375061,0.936170220375061,0.0
lexical_hash_baseline,person::train::26249_12.jpg,person,synonym_minus_negation,synonym_light,negation,0.9032257795333862,0.9672665596008301,-0.06404078006744385
lexical_hash_baseline,person::train::08634_3.jpg,person,synonym_minus_negation,synonym_light,negation,1.000000238418579,0.9781023859977722,0.021897852420806885
lexical_hash_baseline,person::train::00837_3.png,person,synonym_minus_negation,synonym_light,negation,0.8485822677612305,0.9706932306289673,-0.12211096286773682
lexical_hash_baseline,person::query::14604_1.png,person,synonym_minus_negation,synonym_light,negation,1.0000001192092896,0.9644395112991333,0.03556060791015625
lexical_hash_baseline,person::query::27008_3.jpg,person,synonym_minus_negation,synonym_light,negation,0.9035147428512573,0.9502971172332764,-0.04678237438201904
lexical_hash_baseline,person::query::14459_1.png,person,synonym_minus_negation,synonym_light,negation,0.8529175519943237,0.9668008685112,-0.11388331651687622
lexical_hash_baseline,person::query::26943_3.jpg,person,synonym_minus_negation,synonym_light,negation,0.7634223103523254,0.9476966857910156,-0.18427437543869019
lexical_hash_baseline,person::query::26789_3.jpg,person,synonym_minus_negation,synonym_light,negation,0.7418864965438843,0.9411765336990356,-0.19929003715515137
lexical_hash_baseline,person::gallery::27153_5.jpg,person,synonym_minus_negation,synonym_light,negation,0.8238858580589294,0.9415838122367859,-0.11769795417785645
lexical_hash_baseline,person::gallery::26789_1.jpg,person,synonym_minus_negation,synonym_light,negation,0.9393939971923828,0.9415837526321411,-0.0021897554397583008
lexical_hash_baseline,person::gallery::26991_3.jpg,person,synonym_minus_negation,synonym_light,negation,0.7692307233810425,0.9538460969924927,-0.1846153736114502
lexical_hash_baseline,person::gallery::26735_2.jpg,person,synonym_minus_negation,synonym_light,negation,0.9454547166824341,0.9454546570777893,5.960464477539063e-08
lexical_hash_baseline,person::gallery::14888_1.png,person,synonym_minus_negation,synonym_light,negation,1.0000001192092896,0.9592642188072205,0.04073590040206909
lexical_hash_baseline,person::gallery::26774_3.jpg,person,synonym_minus_negation,synonym_light,negation,0.8292683362960815,0.931240439414978,-0.10197210311889648
lexical_hash_baseline,person::gallery::15309_3.png,person,synonym_minus_negation,synonym_light,negation,0.9428570866584778,0.9448089599609375,-0.0019518733024597168
lexical_hash_baseline,face::train::170623.jpg,face,synonym_minus_negation,synonym_light,negation,0.980475664138794,0.997596025466919,-0.017120361328125
lexical_hash_baseline,face::train::081413.jpg,face,synonym_minus_negation,synonym_light,negation,0.9877572059631348,0.9940109252929688,-0.006253719329833984
lexical_hash_baseline,face::train::137722.jpg,face,synonym_minus_negation,synonym_light,negation,0.9645431041717529,0.9958699941635132,-0.031326889991760254
lexical_hash_baseline,face::train::071174.jpg,face,synonym_minus_negation,synonym_light,negation,0.9778783917427063,0.993395984172821,-0.015517592430114746
lexical_hash_baseline,face::train::166091.jpg,face,synonym_minus_negation,synonym_light,negation,0.9765464067459106,0.9968372583389282,-0.020290851593017578
lexical_hash_baseline,face::train::157804.jpg,face,synonym_minus_negation,synonym_light,negation,0.98085618019104,0.9955211877822876,-0.014665007591247559
lexical_hash_baseline,face::train::091980.jpg,face,synonym_minus_negation,synonym_light,negation,0.979128897190094,0.9930275678634644,-0.013898670673370361
lexical_hash_baseline,face::train::121281.jpg,face,synonym_minus_negation,synonym_light,negation,0.9636239409446716,0.9901660084724426,-0.026542067527770996
lexical_hash_baseline,face::train::114832.jpg,face,synonym_minus_negation,synonym_light,negation,0.9812840223312378,0.9954038262367249,-0.01411980390548706
lexical_hash_baseline,face::train::090489.jpg,face,synonym_minus_negation,synonym_light,negation,0.9903122186660767,0.9952436685562134,-0.004931449890136719
lexical_hash_baseline,face::train::008309.jpg,face,synonym_minus_negation,synonym_light,negation,0.976110577583313,0.9950121641159058,-0.018901586532592773
lexical_hash_baseline,face::train::129132.jpg,face,synonym_minus_negation,synonym_light,negation,0.9873023629188538,0.9982012510299683,-0.010898888111114502
lexical_hash_baseline,face::train::053065.jpg,face,synonym_minus_negation,synonym_light,negation,0.9601117372512817,0.9924656748771667,-0.03235393762588501
lexical_hash_baseline,face::train::143554.jpg,face,synonym_minus_negation,synonym_light,negation,0.9699191451072693,0.9908828139305115,-0.020963668823242188
lexical_hash_baseline,face::train::178182.jpg,face,synonym_minus_negation,synonym_light,negation,0.9747089743614197,0.9946143627166748,-0.019905388355255127
lexical_hash_baseline,face::train::063618.jpg,face,synonym_minus_negation,synonym_light,negation,0.9658716320991516,0.9931484460830688,-0.027276813983917236
lexical_hash_baseline,face::train::089537.jpg,face,synonym_minus_negation,synonym_light,negation,0.9634631276130676,0.9942423105239868,-0.03077918291091919
lexical_hash_baseline,face::train::065762.jpg,face,synonym_minus_negation,synonym_light,negation,0.9720008373260498,0.9960302710533142,-0.024029433727264404
lexical_hash_baseline,face::train::168471.jpg,face,synonym_minus_negation,synonym_light,negation,0.977087140083313,0.9957906007766724,-0.018703460693359375
lexical_hash_baseline,face::train::101485.jpg,face,synonym_minus_negation,synonym_light,negation,0.9607993364334106,0.9945507049560547,-0.03375136852264404
lexical_hash_baseline,face::train::023736.jpg,face,synonym_minus_negation,synonym_light,negation,0.9789005517959595,0.9965556263923645,-0.01765507459640503
lexical_hash_baseline,face::train::063708.jpg,face,synonym_minus_negation,synonym_light,negation,0.990321695804596,0.997231125831604,-0.006909430027008057
lexical_hash_baseline,face::train::138886.jpg,face,synonym_minus_negation,synonym_light,negation,0.9883388876914978,0.9976820349693298,-0.009343147277832031
lexical_hash_baseline,face::train::149220.jpg,face,synonym_minus_negation,synonym_light,negation,0.9534296989440918,0.9929139614105225,-0.039484262466430664
lexical_hash_baseline,face::train::060309.jpg,face,synonym_minus_negation,synonym_light,negation,0.9860492944717407,0.9953914880752563,-0.009342193603515625
lexical_hash_baseline,face::train::025692.jpg,face,synonym_minus_negation,synonym_light,negation,0.966022253036499,0.9927218556404114,-0.026699602603912354
lexical_hash_baseline,face::train::060555.jpg,face,synonym_minus_negation,synonym_light,negation,0.9770485758781433,0.9957125782966614,-0.018664002418518066
lexical_hash_baseline,face::train::150659.jpg,face,synonym_minus_negation,synonym_light,negation,0.9809669852256775,0.9972934722900391,-0.016326487064361572
lexical_hash_baseline,face::train::026996.jpg,face,synonym_minus_negation,synonym_light,negation,0.9868967533111572,0.9975836277008057,-0.010686874389648438
lexical_hash_baseline,face::train::082954.jpg,face,synonym_minus_negation,synonym_light,negation,0.9956749677658081,0.9957267045974731,-5.173683166503906e-05
lexical_hash_baseline,face::train::042973.jpg,face,synonym_minus_negation,synonym_light,negation,0.9837824106216431,0.9962687492370605,-0.01248633861541748
lexical_hash_baseline,face::train::092618.jpg,face,synonym_minus_negation,synonym_light,negation,0.9897141456604004,0.9948962926864624,-0.005182147026062012
lexical_hash_baseline,face::train::073196.jpg,face,synonym_minus_negation,synonym_light,negation,0.9781156778335571,0.9959742426872253,-0.017858564853668213
lexical_hash_baseline,face::train::178129.jpg,face,synonym_minus_negation,synonym_light,negation,0.9662762880325317,0.9952380061149597,-0.02896171808242798
lexical_hash_baseline,face::train::123459.jpg,face,synonym_minus_negation,synonym_light,negation,0.9598907232284546,0.9930598735809326,-0.03316915035247803
lexical_hash_baseline,face::train::088914.jpg,face,synonym_minus_negation,synonym_light,negation,0.960895299911499,0.9945651292800903,-0.03366982936859131
lexical_hash_baseline,face::train::141457.jpg,face,synonym_minus_negation,synonym_light,negation,0.9705172181129456,0.9953941106796265,-0.024876892566680908
lexical_hash_baseline,face::train::001042.jpg,face,synonym_minus_negation,synonym_light,negation,0.9620272517204285,0.9937475919723511,-0.03172034025192261
lexical_hash_baseline,face::train::032580.jpg,face,synonym_minus_negation,synonym_light,negation,0.9800893068313599,0.9958628416061401,-0.015773534774780273
lexical_hash_baseline,face::train::109762.jpg,face,synonym_minus_negation,synonym_light,negation,0.9825211763381958,0.9965619444847107,-0.014040768146514893
lexical_hash_baseline,face::test::189457.jpg,face,synonym_minus_negation,synonym_light,negation,0.9870859980583191,0.9975900053977966,-0.010504007339477539
lexical_hash_baseline,face::test::186223.jpg,face,synonym_minus_negation,synonym_light,negation,0.9730356931686401,0.9963917136192322,-0.02335602045059204
lexical_hash_baseline,face::test::185812.jpg,face,synonym_minus_negation,synonym_light,negation,0.9684245586395264,0.99474036693573,-0.026315808296203613
lexical_hash_baseline,face::test::189858.jpg,face,synonym_minus_negation,synonym_light,negation,0.9774657487869263,0.9958255290985107,-0.018359780311584473
lexical_hash_baseline,face::test::183801.jpg,face,synonym_minus_negation,synonym_light,negation,0.964523196220398,0.9933899641036987,-0.02886676788330078
lexical_hash_baseline,face::test::188858.jpg,face,synonym_minus_negation,synonym_light,negation,0.9705600738525391,0.9927369356155396,-0.02217686176300049
lexical_hash_baseline,face::test::196777.jpg,face,synonym_minus_negation,synonym_light,negation,0.9807698726654053,0.9968404769897461,-0.01607060432434082
lexical_hash_baseline,face::test::184003.jpg,face,synonym_minus_negation,synonym_light,negation,0.9886388182640076,0.997879147529602,-0.009240329265594482
lexical_hash_baseline,face::test::201409.jpg,face,synonym_minus_negation,synonym_light,negation,0.9936841726303101,0.9937783479690552,-9.417533874511719e-05
lexical_hash_baseline,face::test::196611.jpg,face,synonym_minus_negation,synonym_light,negation,0.9791682958602905,0.9962426424026489,-0.0170743465423584
