model,domain,variant_type,n,cosine_mean,cosine_std,cosine_p10,cosine_median,margin_mean,mrr,recall_at_1,recall_at_5,original_truncation_rate,variant_truncation_rate,original_tokens_mean,variant_tokens_mean,cosine_ci95_low,cosine_ci95_high,recall_at_1_ci95_low,recall_at_1_ci95_high
lexical_hash_baseline,face,clause_exchange,50,0.9981878340244293,0.0006822157932793531,0.9973772585391998,0.9982468485832214,0.2886290419101715,1.0,1.0,1.0,0.0,0.0,158.04,158.04,0.9979979486167431,0.9983701828420162,1.0,1.0
lexical_hash_baseline,face,clause_reverse,50,0.9555914294719696,0.016366412861025244,0.9346178829669952,0.95620197057724,0.2527573263645172,1.0,1.0,1.0,0.0,0.0,158.04,158.04,0.951241103708744,0.9597307923734187,1.0,1.0
lexical_hash_baseline,face,compact_10w,50,0.2758687889575958,0.06774288178218209,0.18489234745502472,0.27659597992897034,-0.01058513566851616,0.575384460367219,0.4,0.8,0.0,0.0,158.04,10.38,0.257187282115221,0.29585922644287344,0.26,0.54
lexical_hash_baseline,face,compact_20w,50,0.44024826765060426,0.055056745724957945,0.3696540117263794,0.4517936557531357,0.04934037506580353,0.8953333333333333,0.84,0.96,0.0,0.0,158.04,20.58,0.4254154473096132,0.45484830053150654,0.74,0.94
lexical_hash_baseline,face,compact_40w,50,0.6390194928646088,0.04901826214033987,0.5819935739040375,0.6373341679573059,0.1361164540052414,0.99,0.98,1.0,0.0,0.0,158.04,41.2,0.6260206136405468,0.6521778770685196,0.94,1.0
lexical_hash_baseline,face,dropout_10pct,50,0.9464337873458862,0.02223324264476672,0.9167003512382508,0.9497738182544708,0.2598206853866577,1.0,1.0,1.0,0.0,0.0,158.04,142.14,0.9402082835435868,0.9522472762465477,1.0,1.0
lexical_hash_baseline,face,identity,50,1.0000000083446503,1.3025924350793867e-07,0.999999874830246,1.0,0.28964471220970156,1.0,1.0,1.0,0.0,0.0,158.04,158.04,0.9999999725818634,1.0000000441372394,1.0,1.0
lexical_hash_baseline,face,negation,50,0.9951561486721039,0.0018136834390928523,0.9928962588310242,0.9953989684581757,0.29152498722076414,1.0,1.0,1.0,0.0,0.0,158.04,158.3,0.9946142648756504,0.9956419313549996,1.0,1.0
lexical_hash_baseline,face,synonym_light,50,0.9762123298645019,0.010323583940080518,0.9619140565395355,0.9776720702648163,0.2793538987636566,1.0,1.0,1.0,0.0,0.0,158.04,158.14,0.9732801594138146,0.9790186567306519,1.0,1.0
lexical_hash_baseline,person,attribute_exchange,32,0.9319293238222599,0.0303959703707642,0.8974360227584839,0.9398190081119537,0.38190616946667433,1.0,1.0,1.0,0.0,0.0,26.53125,26.53125,0.9212503769434989,0.9413556596729904,1.0,1.0
lexical_hash_baseline,person,clause_exchange,50,0.9797544026374817,0.010366196534458822,0.9696969985961914,0.9803922474384308,0.413131417632103,1.0,1.0,1.0,0.0,0.0,24.6,24.6,0.9768740790188313,0.9825295297503471,1.0,1.0
lexical_hash_baseline,person,clause_reverse,50,0.9128194057941437,0.03971550671011676,0.8534778952598572,0.9139510095119476,0.36023465275764466,1.0,1.0,1.0,0.0,0.0,24.6,24.6,0.9019232242107391,0.9234622412621974,1.0,1.0
lexical_hash_baseline,person,color_change,48,0.9281048563619455,0.031538962201435816,0.888888955116272,0.9355868697166443,0.37090661252538365,1.0,1.0,1.0,0.0,0.0,25.145833333333332,25.145833333333332,0.9184121944010257,0.9364967936649918,1.0,1.0
lexical_hash_baseline,person,compact_10w,50,0.658940287232399,0.13650462161025656,0.47563343644142153,0.6459867656230927,0.15100055396556855,0.8980952380952381,0.82,0.98,0.0,0.0,24.6,9.92,0.6232614068984985,0.6966863159686327,0.7,0.92
lexical_hash_baseline,person,compact_20w,50,0.903672947883606,0.10876069327554873,0.7499095797538757,0.912717878818512,0.34082251489162446,1.0,1.0,1.0,0.0,0.0,24.6,18.42,0.8728179963827133,0.9321340849399566,1.0,1.0
lexical_hash_baseline,person,compact_40w,50,0.9983358573913574,0.011767377052765617,0.9999999403953552,1.0,0.4282390022277832,1.0,1.0,1.0,0.0,0.0,24.6,24.38,0.9950075280666352,1.0000000322163105,1.0,1.0
lexical_hash_baseline,person,dropout_10pct,50,0.9072880101203918,0.06236551344068499,0.8368769824504853,0.9216611981391907,0.3602631610631943,1.0,1.0,1.0,0.0,0.0,24.6,22.04,0.8894648417532445,0.9238951445221901,1.0,1.0
lexical_hash_baseline,person,identity,50,1.0000000202655792,8.566732979650785e-08,0.9999999403953552,1.0,0.42977644741535187,1.0,1.0,1.0,0.0,0.0,24.6,24.6,0.9999999987781049,1.0000000441372394,1.0,1.0
lexical_hash_baseline,person,negation,36,0.9531450784868665,0.024639818145436136,0.9337053298950195,0.956366777420044,0.4050838218794929,1.0,1.0,1.0,0.0,0.0,26.194444444444443,26.72222222222222,0.9448011070489883,0.9608762805660566,1.0,1.0
lexical_hash_baseline,person,synonym_light,50,0.8810523343086243,0.1090014589553271,0.7408993005752563,0.9150625169277191,0.38515356957912444,1.0,1.0,1.0,0.0,0.0,24.6,25.46,0.8504725975692272,0.9114870971441269,1.0,1.0
lexical_hash_baseline,vehicle,attribute_exchange,15,0.8952342867851257,0.03773897585450018,0.8471673130989075,0.8918918371200562,0.5564833223819733,1.0,1.0,1.0,0.0,0.0,20.666666666666668,20.666666666666668,0.8769469702243805,0.9134896834691365,1.0,1.0
lexical_hash_baseline,vehicle,clause_exchange,50,0.9591729116439819,0.02842251701940604,0.9216783821582795,0.9655172526836395,0.5171210700273514,1.0,1.0,1.0,0.0,0.0,15.42,15.42,0.9512233389317989,0.9665706478953361,1.0,1.0
lexical_hash_baseline,vehicle,clause_reverse,50,0.839241954088211,0.08765979020318823,0.7268794119358063,0.833204597234726,0.4123163992166519,1.0,1.0,1.0,0.0,0.0,15.42,15.42,0.8141990997195244,0.8632810873389244,1.0,1.0
lexical_hash_baseline,vehicle,color_change,50,0.8597395205497742,0.0841763907088511,0.7248981237411499,0.8747826516628265,0.4348058938980103,1.0,1.0,1.0,0.0,0.0,15.42,15.42,0.8357571923136712,0.8815506419837474,1.0,1.0
lexical_hash_baseline,vehicle,compact_10w,50,0.782740113735199,0.19762915161897063,0.520311427116394,0.7735104858875275,0.31975714772939684,0.965,0.94,1.0,0.0,0.0,15.42,8.26,0.7309055561423301,0.8367606779038905,0.8795000000000001,1.0
lexical_hash_baseline,vehicle,compact_20w,50,0.9578994870185852,0.09361772847472334,0.8243205428123475,1.0,0.5152286151051522,1.0,1.0,1.0,0.0,0.0,15.42,13.02,0.9316902394890786,0.9812066034972667,1.0,1.0
lexical_hash_baseline,vehicle,compact_40w,50,1.0000000023841857,6.700350750693406e-08,0.9999999403953552,1.0,0.552816207408905,1.0,1.0,1.0,0.0,0.0,15.42,15.42,0.9999999845027924,1.0000000202655792,1.0,1.0
lexical_hash_baseline,vehicle,dropout_10pct,50,0.8994518947601319,0.08005922012424437,0.800069922208786,0.9089953899383545,0.4773981809616089,1.0,1.0,1.0,0.0,0.0,15.42,13.76,0.8765632137358188,0.9212507185339928,1.0,1.0
lexical_hash_baseline,vehicle,identity,50,1.0000000023841857,6.700350750693406e-08,0.9999999403953552,1.0,0.552816207408905,1.0,1.0,1.0,0.0,0.0,15.42,15.42,0.9999999845027924,1.000000021457672,1.0,1.0
lexical_hash_baseline,vehicle,synonym_light,50,0.9798984038829803,0.0826311002899385,0.9550841808319092,1.0,0.5384024077653885,1.0,1.0,1.0,0.0,0.0,15.42,15.52,0.953512507289648,0.99635309907794,1.0,1.0
