model,domain,sample_id,preserving_cosine,changed_cosine,preserving_minus_changed,preserving_wins,tie
clip_l14,person,person::train::00197_4.png,0.9979001659171562,0.9154837106497253,0.08241645526743091,1.0,0.0
clip_l14,person,person::query::26685_1.jpg,0.9970548472324494,0.8638905223906984,0.133164324841751,1.0,0.0
clip_l14,person,person::gallery::26474_5.jpg,0.9987650060963137,0.986232053816198,0.012532952280115639,1.0,0.0
clip_l14,person,person::train::03736_1.jpg,0.9978894290251161,0.9812539391925774,0.016635489832538708,1.0,0.0
clip_l14,vehicle,vehicle::train_images::19666_c077_02.jpg,0.9916321519621307,0.8572388988612549,0.1343932531008758,1.0,0.0
clip_l14,vehicle,vehicle::query_images::20204_c041_01.jpg,0.9788297659313883,0.7000823385693855,0.27874742736200275,1.0,0.0
clip_l14,vehicle,vehicle::gallery_images::20591_c110_03.jpg,0.9910695047891936,0.8260112746006073,0.16505823018858634,1.0,0.0
clip_l14,vehicle,vehicle::train_images::13184_c012_02.jpg,0.9518445153299596,0.9679506624116891,-0.016106147081729527,0.0,0.0
clip_l14,vehicle,vehicle::query_images::21022_c078_01.jpg,0.9936682103473453,0.7841240927171931,0.20954411763015224,1.0,0.0
clip_l14,face,face::train::170623.jpg,0.9934682531807275,0.9793362049308849,0.0141320482498426,1.0,0.0
clip_l14,face,face::test::186223.jpg,0.9899546606487247,0.9775183658867332,0.012436294761991484,1.0,0.0
clip_l14,face,face::train::137722.jpg,0.9914868514113133,0.9868446673771901,0.004642184034123198,1.0,0.0
siglip2_b16_224,person,person::train::00197_4.png,0.9693089911899423,0.8820321273633428,0.0872768638265995,1.0,0.0
siglip2_b16_224,person,person::query::26685_1.jpg,0.9601645265108059,0.9183519839413938,0.041812542569412026,1.0,0.0
siglip2_b16_224,person,person::gallery::26474_5.jpg,0.9143865891077518,0.9512100633180789,-0.036823474210327056,0.0,0.0
siglip2_b16_224,person,person::train::03736_1.jpg,0.9630181724013597,0.8711563604353159,0.09186181196604382,1.0,0.0
siglip2_b16_224,vehicle,vehicle::train_images::19666_c077_02.jpg,0.9947451174074061,0.9063431384339685,0.0884019789734376,1.0,0.0
siglip2_b16_224,vehicle,vehicle::query_images::20204_c041_01.jpg,0.9896158231452614,0.858696774717605,0.13091904842765645,1.0,0.0
siglip2_b16_224,vehicle,vehicle::gallery_images::20591_c110_03.jpg,0.9966097483355096,0.9603968407895419,0.03621290754596773,1.0,0.0
siglip2_b16_224,vehicle,vehicle::train_images::13184_c012_02.jpg,0.99448267253271,0.9895137158797682,0.004968956652941836,1.0,0.0
siglip2_b16_224,vehicle,vehicle::query_images::21022_c078_01.jpg,0.9921948120869766,0.9685586160339854,0.023636196052991165,1.0,0.0
siglip2_b16_224,face,face::train::170623.jpg,0.9983045857774671,0.9911065793708342,0.0071980064066328175,1.0,0.0
siglip2_b16_224,face,face::test::186223.jpg,0.9597934316548673,0.989478958400344,-0.029685526745476754,0.0,0.0
siglip2_b16_224,face,face::train::137722.jpg,0.9737211932402738,0.9925702842880688,-0.018849091047794975,0.0,0.0
jina_clip_v2,person,person::train::00197_4.png,0.9990183205728136,0.9306547690037963,0.0683635515690173,1.0,0.0
jina_clip_v2,person,person::query::26685_1.jpg,0.9982415112042933,0.830462421526911,0.1677790896773823,1.0,0.0
jina_clip_v2,person,person::gallery::26474_5.jpg,0.9993501710928625,0.9918216543561709,0.007528516736691637,1.0,0.0
jina_clip_v2,person,person::train::03736_1.jpg,0.9988570298033983,0.9743128933704837,0.024544136432914643,1.0,0.0
jina_clip_v2,vehicle,vehicle::train_images::19666_c077_02.jpg,0.9983072562745916,0.8900291624595962,0.10827809381499542,1.0,0.0
jina_clip_v2,vehicle,vehicle::query_images::20204_c041_01.jpg,0.9931239706511986,0.8142155579682583,0.17890841268294033,1.0,0.0
jina_clip_v2,vehicle,vehicle::gallery_images::20591_c110_03.jpg,0.9964696855626323,0.8721519020446317,0.1243177835180006,1.0,0.0
jina_clip_v2,vehicle,vehicle::train_images::13184_c012_02.jpg,0.9955872103197161,0.994393791584549,0.0011934187351670955,1.0,0.0
jina_clip_v2,vehicle,vehicle::query_images::21022_c078_01.jpg,0.9971854683063174,0.8726094125566197,0.12457605574969766,1.0,0.0
jina_clip_v2,face,face::train::170623.jpg,0.9997906290035076,0.9908316561403225,0.008958972863185033,1.0,0.0
jina_clip_v2,face,face::test::186223.jpg,0.9974647499453436,0.9908482345561664,0.00661651538917718,1.0,0.0
jina_clip_v2,face,face::train::137722.jpg,0.9929586531025958,0.9959950050724069,-0.003036351969811113,0.0,0.0
eva02_clip_l14,person,person::train::00197_4.png,0.9982527647109251,0.9042891505206775,0.09396361419024757,1.0,0.0
eva02_clip_l14,person,person::query::26685_1.jpg,0.997613969997134,0.8547539709759011,0.14285999902123292,1.0,0.0
eva02_clip_l14,person,person::gallery::26474_5.jpg,0.998968669989695,0.9812386636349959,0.017730006354699124,1.0,0.0
eva02_clip_l14,person,person::train::03736_1.jpg,0.9983926443113411,0.9803379532346645,0.018054691076676566,1.0,0.0
eva02_clip_l14,vehicle,vehicle::train_images::19666_c077_02.jpg,0.9930529092771788,0.8749210733748666,0.11813183590231224,1.0,0.0
eva02_clip_l14,vehicle,vehicle::query_images::20204_c041_01.jpg,0.9872854409888829,0.7305504793599784,0.2567349616289045,1.0,0.0
eva02_clip_l14,vehicle,vehicle::gallery_images::20591_c110_03.jpg,0.9935883649293695,0.8262338782915113,0.16735448663785824,1.0,0.0
eva02_clip_l14,vehicle,vehicle::train_images::13184_c012_02.jpg,0.9944435332334123,0.9807556549541041,0.013687878279308174,1.0,0.0
eva02_clip_l14,vehicle,vehicle::query_images::21022_c078_01.jpg,0.9943072410666733,0.8020491677429695,0.19225807332370382,1.0,0.0
eva02_clip_l14,face,face::train::170623.jpg,0.9966538304761643,0.9716709917436486,0.024982838732515722,1.0,0.0
eva02_clip_l14,face,face::test::186223.jpg,0.9940686232812125,0.9686480689217356,0.025420554359476877,1.0,0.0
eva02_clip_l14,face,face::train::137722.jpg,0.9954265803726425,0.9666539467214572,0.02877263365118532,1.0,0.0
altclip,person,person::train::00197_4.png,0.9990479783649782,0.9014325834973753,0.09761539486760284,1.0,0.0
altclip,person,person::query::26685_1.jpg,0.9988432293886699,0.8694365750778605,0.12940665431080933,1.0,0.0
altclip,person,person::gallery::26474_5.jpg,0.9989423255808051,0.9672489302604979,0.03169339532030724,1.0,0.0
altclip,person,person::train::03736_1.jpg,0.9990091624253818,0.979267733670546,0.019741428754835866,1.0,0.0
altclip,vehicle,vehicle::train_images::19666_c077_02.jpg,0.9960565702398128,0.83710801582986,0.1589485544099527,1.0,0.0
altclip,vehicle,vehicle::query_images::20204_c041_01.jpg,0.9877179433053009,0.6285157256401637,0.35920221766513727,1.0,0.0
altclip,vehicle,vehicle::gallery_images::20591_c110_03.jpg,0.9977392699732717,0.7981863829419419,0.19955288703132978,1.0,0.0
altclip,vehicle,vehicle::train_images::13184_c012_02.jpg,0.9894267061687105,0.976286398619383,0.01314030754932749,1.0,0.0
altclip,vehicle,vehicle::query_images::21022_c078_01.jpg,0.9952891159955871,0.7111596177308215,0.28412949826476563,1.0,0.0
altclip,face,face::train::170623.jpg,0.9993400802638842,0.9802470364724187,0.01909304379146548,1.0,0.0
altclip,face,face::test::186223.jpg,0.9970514705011345,0.9743662160207702,0.022685254480364292,1.0,0.0
altclip,face,face::train::137722.jpg,0.995371862716194,0.9808655947548319,0.014506267961362118,1.0,0.0
deberta_v3_base_mean_pool,person,person::train::00197_4.png,0.9980067886298956,0.9992147321922802,-0.001207943562384628,0.0,0.0
deberta_v3_base_mean_pool,person,person::query::26685_1.jpg,0.9989591191808973,0.9988679844672597,9.11347136376417e-05,1.0,0.0
deberta_v3_base_mean_pool,person,person::gallery::26474_5.jpg,0.99945230555518,0.9991685711780299,0.0002837343771501244,1.0,0.0
deberta_v3_base_mean_pool,person,person::train::03736_1.jpg,0.9990137996445095,0.9995796478459977,-0.0005658482014881949,0.0,0.0
deberta_v3_base_mean_pool,vehicle,vehicle::train_images::19666_c077_02.jpg,0.9959711495262382,0.9978999952167185,-0.001928845690480241,0.0,0.0
deberta_v3_base_mean_pool,vehicle,vehicle::query_images::20204_c041_01.jpg,0.9953874009481527,0.9970968552566052,-0.001709454308452485,0.0,0.0
deberta_v3_base_mean_pool,vehicle,vehicle::gallery_images::20591_c110_03.jpg,0.9987603814901784,0.9990928013146116,-0.0003324198244332166,0.0,0.0
deberta_v3_base_mean_pool,vehicle,vehicle::train_images::13184_c012_02.jpg,0.9981656229666931,0.9998867881335528,-0.0017211651668597172,0.0,0.0
deberta_v3_base_mean_pool,vehicle,vehicle::query_images::21022_c078_01.jpg,0.9924431551561999,0.997537912681163,-0.005094757524963134,0.0,0.0
deberta_v3_base_mean_pool,face,face::train::170623.jpg,0.9998750305576902,0.9995486853457691,0.00032634521192109744,1.0,0.0
deberta_v3_base_mean_pool,face,face::test::186223.jpg,0.996121018921925,0.9991397898567919,-0.00301877093486691,0.0,0.0
deberta_v3_base_mean_pool,face,face::train::137722.jpg,0.994880829775409,0.9992296904266509,-0.004348860651241848,0.0,0.0
bge_m3,person,person::train::00197_4.png,0.9970349575318136,0.9923199173100604,0.004715040221753175,1.0,0.0
bge_m3,person,person::query::26685_1.jpg,0.9956170565825692,0.9610358661722372,0.03458119041033192,1.0,0.0
bge_m3,person,person::gallery::26474_5.jpg,0.9960974062788924,0.9924537275749625,0.003643678703929898,1.0,0.0
bge_m3,person,person::train::03736_1.jpg,0.9971098033383676,0.9960564359528797,0.001053367385487891,1.0,0.0
bge_m3,vehicle,vehicle::train_images::19666_c077_02.jpg,0.9864108846342923,0.9380484915042495,0.04836239313004276,1.0,0.0
bge_m3,vehicle,vehicle::query_images::20204_c041_01.jpg,0.9906355668310961,0.9164623065620091,0.074173260269087,1.0,0.0
bge_m3,vehicle,vehicle::gallery_images::20591_c110_03.jpg,0.9955740777699009,0.9420985861905387,0.053475491579362266,1.0,0.0
bge_m3,vehicle,vehicle::train_images::13184_c012_02.jpg,0.9926196049903214,0.9928529129723921,-0.00023330798207066294,0.0,0.0
bge_m3,vehicle,vehicle::query_images::21022_c078_01.jpg,0.9870595067226231,0.9411963481793099,0.04586315854331324,1.0,0.0
bge_m3,face,face::train::170623.jpg,0.9996214231855878,0.98292471182424,0.01669671136134776,1.0,0.0
bge_m3,face,face::test::186223.jpg,0.9970106595766677,0.9769081229698646,0.020102536606803056,1.0,0.0
bge_m3,face,face::train::137722.jpg,0.9961168040624964,0.9751176708671867,0.02099913319530966,1.0,0.0
mamba3_siso_187m_last_token,person,person::train::00197_4.png,0.999097643211547,0.9998813450342474,-0.0007837018227003778,0.0,0.0
mamba3_siso_187m_last_token,person,person::query::26685_1.jpg,0.9990112069352515,0.9998310656070212,-0.0008198586717697021,0.0,0.0
mamba3_siso_187m_last_token,person,person::gallery::26474_5.jpg,0.9993030899240445,0.999800064111305,-0.0004969741872604683,0.0,0.0
mamba3_siso_187m_last_token,person,person::train::03736_1.jpg,0.999245699194417,0.9999095942733227,-0.0006638950789057407,0.0,0.0
mamba3_siso_187m_last_token,vehicle,vehicle::train_images::19666_c077_02.jpg,0.9997626374902656,0.988362252041069,0.011400385449196637,1.0,0.0
mamba3_siso_187m_last_token,vehicle,vehicle::query_images::20204_c041_01.jpg,0.998586262635753,0.982304707348098,0.01628155528765496,1.0,0.0
mamba3_siso_187m_last_token,vehicle,vehicle::gallery_images::20591_c110_03.jpg,0.9989996151464052,0.9890347876893899,0.009964827457015324,1.0,0.0
mamba3_siso_187m_last_token,vehicle,vehicle::train_images::13184_c012_02.jpg,0.9988239857245791,0.9999191769198109,-0.001095191195231826,0.0,0.0
mamba3_siso_187m_last_token,vehicle,vehicle::query_images::21022_c078_01.jpg,0.9996027766559992,0.9904705269435055,0.009132249712493712,1.0,0.0
mamba3_siso_187m_last_token,face,face::train::170623.jpg,0.9998995171873056,0.9996139436069467,0.0002855735803589665,1.0,0.0
mamba3_siso_187m_last_token,face,face::test::186223.jpg,0.9974048618828545,0.998690578768234,-0.0012857168853794843,0.0,0.0
mamba3_siso_187m_last_token,face,face::train::137722.jpg,0.9959787862890603,0.9989947347603857,-0.003015948471325358,0.0,0.0
