model,domain,n,mean_gap,preserving_win_rate,tie_rate
altclip,face,15,0.018172935008938424,1.0,0.0
altclip,person,39,0.048672698547193714,1.0,0.0
altclip,vehicle,31,0.18226396538927542,1.0,0.0
bge_m3,face,15,0.019403487233381447,1.0,0.0
bge_m3,person,39,0.008089448739000584,0.717948717948718,0.0
bge_m3,vehicle,31,0.04525115106570683,0.9354838709677419,0.0
clip_b16,face,15,0.0031728520679409787,0.8,0.0
clip_b16,person,39,0.0300809620552418,1.0,0.0
clip_b16,vehicle,31,0.12380334200433694,0.8709677419354839,0.0
clip_l14,face,15,0.013087181290336909,0.9333333333333333,0.0
clip_l14,person,39,0.04212491730128564,0.9743589743589743,0.0
clip_l14,vehicle,31,0.15262825586503223,0.8387096774193549,0.0
deberta_v3_base_mean_pool,face,15,4.5691260487893774e-05,0.6,0.0
deberta_v3_base_mean_pool,person,39,-0.0005285862067220971,0.23076923076923078,0.0
deberta_v3_base_mean_pool,vehicle,31,-0.002578708390774636,0.03225806451612903,0.0
eva02_clip_l14,face,15,0.028371955429334208,1.0,0.0
eva02_clip_l14,person,39,0.0427652534881493,1.0,0.0
eva02_clip_l14,vehicle,31,0.14859559207370246,1.0,0.0
jina_clip_v2,face,15,0.008093217947914148,1.0,0.0
jina_clip_v2,person,39,0.03182463755990624,1.0,0.0
jina_clip_v2,vehicle,31,0.09859125503332539,1.0,0.0
siglip2_b16_224,face,15,0.0009457864316592272,0.8,0.0
siglip2_b16_224,person,39,0.005526655396898749,0.38461538461538464,0.0
siglip2_b16_224,vehicle,31,0.08000881502013694,1.0,0.0
