model,domain,variant_type,n,cosine,negative_percentile,median_margin,hardest_margin,hard_set_margin,hard_negative_win_rate,recall_at_1,reciprocal_rank,margin_ci_low,margin_ci_high
altclip,face,control_one_fact,44,0.6108880973002183,0.647495361781076,0.032698901471662496,-0.11531917898548923,-0.013557218253364551,0.6954545454545454,0.06818181818181818,0.18880511653548074,-0.14655584707439018,-0.08586401633154046
altclip,face,control_synonym,17,0.5998593254762287,0.6614645858343338,0.026806802882963266,-0.12896773301793307,-0.012941414563517868,0.7529411764705882,0.0,0.15516456954053015,-0.17142306396224746,-0.0910335823519273
altclip,face,llm_attribute_list,50,0.9092092192753547,0.8228571428571427,0.03384511197975328,-0.010449495407963359,0.00368005294062679,0.8320000000000001,0.46,0.531451480990822,-0.022859170778297917,-0.0003033813843295767
altclip,face,llm_balanced,50,0.6148704030499169,0.6648979591836734,0.04056699756933937,-0.11219344786870639,-0.0070491442369887925,0.7239999999999999,0.08,0.2141247115215309,-0.14326025622507318,-0.07912892964361153
altclip,face,llm_brief,50,0.5982850199472565,0.6759183673469387,0.04199141074322449,-0.0973952715404196,-0.006376104378463505,0.736,0.1,0.23812382122093154,-0.1260912307233591,-0.06828606732803545
altclip,face,llm_detailed,50,0.7601883426835223,0.6861224489795918,0.03927886196376219,-0.08397196111241417,-0.0064648764036204474,0.7679999999999998,0.18,0.29092428773360596,-0.11087735918676725,-0.05666323530970806
altclip,face,llm_distinctive_first,50,0.8397591489918418,0.6885714285714286,0.022789940946586963,-0.03894140091026265,5.4829662373039325e-05,0.7919999999999999,0.32,0.4183188083291985,-0.05919934593702509,-0.019217591833671836
altclip,face,llm_human_description,50,0.6288058776393745,0.6779591836734694,0.041862416360828936,-0.09947942924022915,-0.006089619597781458,0.732,0.1,0.23387452018603255,-0.12978844697421482,-0.06767582904382438
altclip,person,control_one_fact,41,0.916809798778152,0.9990044798407168,0.38617237981401104,0.15533549740710653,0.16085340315743418,1.0,0.9512195121951219,0.975609756097561,0.12994568296519315,0.17928451522981692
altclip,person,control_synonym,48,0.9691339902924847,1.0,0.4259385100871264,0.18271485209609697,0.18271485209609697,1.0,1.0,1.0,0.16514240911819822,0.20101334846304453
altclip,person,llm_attribute_list,50,0.9523484750699391,1.0,0.43112888986561215,0.18701153772173135,0.18701153772173135,1.0,1.0,1.0,0.16811396927367206,0.20589743358492768
altclip,person,llm_balanced,50,0.9691489280485811,1.0,0.42718219606490415,0.18372061855037305,0.18372061855037305,1.0,1.0,1.0,0.1661384975656352,0.20197885103017868
altclip,person,llm_brief,50,0.8928657917203937,0.9967346938775511,0.39630287229624067,0.147161505646797,0.1503109927613282,0.98,0.94,0.96,0.12082337866625388,0.17196859051887767
altclip,person,llm_detailed,50,0.9752732080094346,1.0,0.432729066408454,0.19169193232366516,0.19174452428892075,1.0,1.0,1.0,0.17024415444337743,0.2120214783086248
altclip,person,llm_distinctive_first,50,0.9523943696679221,1.0,0.44180325545207405,0.19248034636976988,0.19248034636976988,1.0,1.0,1.0,0.17188393708288055,0.2129070984603217
altclip,person,llm_human_description,50,0.9292247429790967,1.0,0.41540905456600596,0.17182053765453364,0.17182053765453364,1.0,1.0,1.0,0.15230889744523696,0.1909679509896443
altclip,vehicle,control_one_fact,48,0.7971333642822355,0.9795918367346937,0.2985647688714464,0.06104988297068664,0.09294202385129753,0.9208333333333334,0.7291666666666666,0.7970982142857143,0.02577459776536838,0.09781241503475753
altclip,vehicle,control_synonym,31,0.9310756693684282,0.9993416721527321,0.42130739861133853,0.17679746989772305,0.17679746989772305,0.9935483870967742,0.967741935483871,0.9838709677419355,0.1466594375203926,0.20933446984058457
altclip,vehicle,llm_attribute_list,50,0.9608424982880027,1.0,0.43101500700395917,0.19890097604429158,0.19910763495925315,1.0,1.0,1.0,0.17435543264747644,0.22544167470645957
altclip,vehicle,llm_balanced,50,0.9339859910880637,1.0,0.433807769793831,0.18089166508513965,0.18153310830275354,1.0,1.0,1.0,0.15540741419646512,0.20733723321460842
altclip,vehicle,llm_brief,50,0.8565874307517091,0.9959183673469388,0.3983464188932648,0.12291927734657015,0.12718067060246746,0.9640000000000001,0.84,0.915,0.09327747778994423,0.1528657015107408
altclip,vehicle,llm_detailed,50,0.9540662503089783,1.0,0.447755198264857,0.20011942653152473,0.20038820856528183,1.0,1.0,1.0,0.1739086512562209,0.22746246130011977
altclip,vehicle,llm_distinctive_first,50,0.9526837075917031,1.0,0.45633465678928864,0.212267208617729,0.21263015731545049,1.0,1.0,1.0,0.18722121335142214,0.23833774173837938
altclip,vehicle,llm_human_description,50,0.9177650719539017,0.999591836734694,0.412043403467873,0.1725965480713004,0.17329538604183412,0.996,0.98,0.99,0.14596123318706827,0.2007357917505813
bge_m3,face,control_one_fact,44,0.8035984445026944,0.8692022263450834,0.07559283559988866,-0.019714680394190023,0.00443574809290046,0.8181818181818182,0.18181818181818182,0.346625299833856,-0.026565166115345703,-0.012284571113519993
bge_m3,face,control_synonym,17,0.8160551361324551,0.9075630252100839,0.08210016229353473,-0.013248196133256073,0.011299090169314525,0.8470588235294118,0.35294117647058826,0.4826500297088532,-0.026158451529579706,-2.4270887702126345e-05
bge_m3,face,llm_attribute_list,50,0.8631322976130038,0.8053061224489797,0.02519777926121474,-0.017698028353467284,-0.00270981692300452,0.8,0.28,0.39892223291411427,-0.025145125869109386,-0.010865549640612279
bge_m3,face,llm_balanced,50,0.8138898942738919,0.8971428571428572,0.08397127024623259,-0.012396057048813112,0.008622964596282373,0.852,0.28,0.43763828655005127,-0.01975529989976839,-0.004457410704606492
bge_m3,face,llm_brief,50,0.7552326671591902,0.8791836734693877,0.07656715469521376,-0.01981564496530338,0.005090531318260066,0.8479999999999999,0.24,0.39536079563711146,-0.02798241398939245,-0.011755257691277733
bge_m3,face,llm_detailed,50,0.8839059306041928,0.9522448979591838,0.08684494397397219,-0.0005021773939265528,0.013487935171352893,0.9039999999999999,0.44,0.6354368686868687,-0.00567396244477789,0.0051921870676839245
bge_m3,face,llm_distinctive_first,50,0.8128864017682744,0.8702040816326528,0.039775415623731235,-0.0028641613373118547,0.013366134186178942,0.8759999999999999,0.42,0.5378570744082248,-0.010297881079464366,0.004649628126844952
bge_m3,face,llm_human_description,50,0.7781878293769876,0.9134693877551021,0.08002406997651011,-0.013123632054851541,0.010424980801884951,0.8639999999999999,0.3,0.4763864468864469,-0.02128095710524596,-0.004155537178696974
bge_m3,person,control_one_fact,41,0.9447377823239441,0.9995022399203585,0.1965039537908032,0.08268542224923824,0.08439876944213147,0.9951219512195121,0.975609756097561,0.9878048780487805,0.06994123556694223,0.09793204998822418
bge_m3,person,control_synonym,48,0.9560268602181415,1.0,0.203955934851771,0.09073429729024136,0.09121436621966232,1.0,1.0,1.0,0.07874673127265415,0.10344955582568634
bge_m3,person,llm_attribute_list,50,0.9394899478035402,1.0,0.17426164455319137,0.07638927289408033,0.07719239675965078,1.0,1.0,1.0,0.0671792745771036,0.08562776897768112
bge_m3,person,llm_balanced,50,0.9581941391704231,1.0,0.2030214047756382,0.08972809558826622,0.09032320108015142,1.0,1.0,1.0,0.07841364958182945,0.10168906049114743
bge_m3,person,llm_brief,50,0.8919979336615281,0.9959183673469388,0.18120576854105214,0.06535640098829915,0.0671078057217112,0.9840000000000001,0.9,0.9428571428571427,0.0529746027562831,0.0773412464593273
bge_m3,person,llm_detailed,50,0.964729839966619,1.0,0.20568116769833822,0.09730563927239264,0.09768215776970983,1.0,1.0,1.0,0.08485017389297066,0.11021498128799671
bge_m3,person,llm_distinctive_first,50,0.9354759931403845,1.0,0.20490532830928337,0.09491788931799715,0.09599855744269353,1.0,1.0,1.0,0.08390682807350755,0.10698985350995983
bge_m3,person,llm_human_description,50,0.915051833941345,0.9991836734693877,0.1873998422838082,0.07493565231263104,0.07628609983745716,0.996,0.96,0.98,0.06270571279735009,0.08807169341607378
bge_m3,vehicle,control_one_fact,48,0.8905581336197326,0.9987244897959183,0.23956521984666557,0.10733341143124119,0.11110941666124625,0.9958333333333332,0.9583333333333334,0.9756944444444443,0.08909535768261417,0.12741319782546268
bge_m3,vehicle,control_synonym,31,0.9235026417631806,0.9993416721527321,0.27002254925904656,0.12819820430319379,0.129926595855105,0.9935483870967742,0.967741935483871,0.9838709677419355,0.10588003342975663,0.15124494247102005
bge_m3,vehicle,llm_attribute_list,50,0.9505016617655571,1.0,0.2873755767578166,0.15532587527928515,0.15536312740352756,1.0,1.0,1.0,0.1393526661599186,0.17236138452997068
bge_m3,vehicle,llm_balanced,50,0.9295740082103349,0.999591836734694,0.287731594335105,0.14476493610639296,0.1452803237808544,0.996,0.98,0.99,0.12757824850862984,0.1612179636244376
bge_m3,vehicle,llm_brief,50,0.8475883505102818,0.9971428571428572,0.24693187362947566,0.10077559493837528,0.10263299872505388,0.976,0.9,0.9433333333333332,0.07915379410888124,0.12223623097042322
bge_m3,vehicle,llm_detailed,50,0.9513803776519313,1.0,0.3031365028353407,0.16569066766249613,0.1663342210662195,1.0,1.0,1.0,0.14880765239838006,0.18238444314854896
bge_m3,vehicle,llm_distinctive_first,50,0.9485047007582804,1.0,0.3118321837442466,0.17282259188287497,0.17340239573607036,1.0,1.0,1.0,0.156856010588096,0.18989334799782445
bge_m3,vehicle,llm_human_description,50,0.9252482639492431,1.0,0.28041233950382105,0.14440903655630857,0.1450668774911958,1.0,1.0,1.0,0.12973811090293388,0.15947002835493757
clip_b16,face,control_one_fact,44,0.8063828552796877,0.8047309833024119,0.054906573674745746,-0.039016588418391625,-0.01780345040388452,0.6545454545454547,0.1590909090909091,0.27532343263943315,-0.049475271546418585,-0.028355656457377552
clip_b16,face,control_synonym,17,0.8003133389532617,0.8151260504201681,0.05437056556358991,-0.03955549720684355,-0.013541509813279277,0.6470588235294118,0.17647058823529413,0.2986019939307137,-0.05726040322976381,-0.022025223203264756
clip_b16,face,llm_attribute_list,50,0.9092089988619064,0.7840816326530613,0.02466337363281024,-0.019313416528955143,-0.002673496212858555,0.7479999999999998,0.18,0.2911631565802619,-0.025774937096957877,-0.013195381268682341
clip_b16,face,llm_balanced,50,0.8009260041185816,0.7951020408163266,0.05844999304749994,-0.04096674327927752,-0.017535101059838947,0.6480000000000001,0.12,0.2696445107180401,-0.051584151517049315,-0.030865444882061867
clip_b16,face,llm_brief,50,0.7823352283714803,0.7877551020408161,0.053962371194435726,-0.04669648512137727,-0.01821664959472085,0.64,0.12,0.24851162935139673,-0.05821579525410056,-0.03545503700899889
clip_b16,face,llm_detailed,50,0.8818232535102756,0.8530612244897958,0.057974773622747666,-0.02330636107800786,-0.008274999062648005,0.736,0.22,0.3623769334654716,-0.031629625571773186,-0.015226697550383304
clip_b16,face,llm_distinctive_first,50,0.8349087215597157,0.7726530612244897,0.0324134223303009,-0.025050881566924366,-0.00973817555859284,0.6759999999999999,0.16,0.2959563799376647,-0.03294696321905958,-0.016889670620913705
clip_b16,face,llm_human_description,50,0.7724251460141532,0.8012244897959184,0.0559497343482101,-0.03993124455611919,-0.014809832722923497,0.6679999999999999,0.14,0.2845489949023724,-0.0507696398230206,-0.029207270880792776
clip_b16,person,control_one_fact,41,0.9152642867653423,0.9860627177700348,0.2588685019386928,0.09544630041019794,0.10005229405933712,0.9658536585365854,0.926829268292683,0.9429539295392954,0.0714186981665289,0.11840341166082637
clip_b16,person,control_synonym,48,0.9481160355692019,0.9987244897959183,0.28091356132919526,0.11370567337006994,0.11388498146260305,0.9916666666666667,0.9791666666666666,0.984375,0.09654583614008713,0.13143642354289284
clip_b16,person,llm_attribute_list,50,0.8819514341270989,0.9914285714285714,0.2411712381791835,0.07048119767710008,0.08310732219245878,0.98,0.8,0.8791666666666668,0.051450442886392674,0.08902180082071183
clip_b16,person,llm_balanced,50,0.9495650118317742,0.9983673469387756,0.27961276678251434,0.11429781005906699,0.11501262267732679,0.992,0.96,0.975,0.09735716872762572,0.13192529837441497
clip_b16,person,llm_brief,50,0.8949253247103793,0.9877551020408163,0.24997853482362292,0.08416062756643818,0.08684415901471851,0.9640000000000001,0.9,0.9341333333333333,0.06469094343780372,0.10262451483732442
clip_b16,person,llm_detailed,50,0.9534611391213851,0.9971428571428572,0.28032646512861853,0.11893755975246798,0.119428142857677,0.9840000000000001,0.96,0.9690000000000001,0.10011692098224084,0.13732641605155269
clip_b16,person,llm_distinctive_first,50,0.9286746138822939,1.0,0.2929830064227755,0.12687948328121457,0.1298197332472593,1.0,1.0,1.0,0.10943343620461561,0.14437345443551977
clip_b16,person,llm_human_description,50,0.8490771240912331,0.9612244897959183,0.21744859495940297,0.04287912003446483,0.05850375346363318,0.94,0.7,0.7920018244845831,0.01510908156766697,0.06936231485819869
clip_b16,vehicle,control_one_fact,48,0.7894574810452544,0.977465986394558,0.1830040088594208,0.018370110582043766,0.05928844006655082,0.9375,0.5208333333333334,0.6981150793650794,-0.006501589947468086,0.04613852998500554
clip_b16,vehicle,control_synonym,31,0.8588680586834844,0.9960500329163924,0.24370204973080795,0.09042202715202173,0.10692996825191617,0.9741935483870968,0.8709677419354839,0.924731182795699,0.06261301405375544,0.1194211810012187
clip_b16,vehicle,llm_attribute_list,50,0.9297203577030554,0.979591836734694,0.1912627225789999,0.07920383650708182,0.08326628869592724,0.9680000000000001,0.9,0.923921568627451,0.05820952111953059,0.10039758479771435
clip_b16,vehicle,llm_balanced,50,0.8470678991109033,0.9951020408163265,0.2470310030978328,0.08831745874711448,0.11215743157383146,0.976,0.86,0.915,0.06353957138387077,0.11321286428279664
clip_b16,vehicle,llm_brief,50,0.8115225267300769,0.9910204081632653,0.2021470654944956,0.05523633114509896,0.07478654005934877,0.968,0.8,0.87,0.03205929507349742,0.0799772225944695
clip_b16,vehicle,llm_detailed,50,0.8501258770066492,0.9946938775510205,0.2689384948779641,0.09415163312556148,0.12958524890233047,0.9880000000000001,0.86,0.9133333333333333,0.06835949298799326,0.12269496033508655
clip_b16,vehicle,llm_distinctive_first,50,0.8487882735350314,0.9979591836734695,0.2716274449539079,0.10666115098633727,0.13611385645500668,0.9840000000000001,0.94,0.9633333333333333,0.08193579312471058,0.13359265319774186
clip_b16,vehicle,llm_human_description,50,0.8929243721456127,0.9991836734693877,0.19584827167652732,0.08413180405069992,0.09038286199737453,0.996,0.96,0.98,0.06699517272493885,0.10261577997175052
clip_l14,face,control_one_fact,44,0.7174919743297422,0.8404452690166977,0.10206347637313719,-0.037122850696962736,-0.02116409063586893,0.5909090909090909,0.13636363636363635,0.31089539744584777,-0.049395179671353394,-0.025734005893129436
clip_l14,face,control_synonym,17,0.7294755746744025,0.8799519807923168,0.11831278317273654,-0.025754334908823114,-0.01371117374064349,0.6470588235294118,0.23529411764705882,0.33473454649925244,-0.039640625084017014,-0.008233802568861406
clip_l14,face,llm_attribute_list,50,0.8504327132815601,0.8285714285714286,0.039189877416713065,-0.023162803608955743,-0.0032113883113646137,0.7440000000000001,0.16,0.33953202792381687,-0.03130651828246338,-0.015330080832714092
clip_l14,face,llm_balanced,50,0.7221459772610856,0.8538775510204082,0.10952644864731093,-0.03293164292866301,-0.018561071114053886,0.6040000000000001,0.16,0.3364290219584337,-0.04444739207661834,-0.021068584282230764
clip_l14,face,llm_brief,50,0.6931457191172352,0.8371428571428571,0.09622473485954647,-0.03630571784585624,-0.024337809732350228,0.5880000000000001,0.16,0.2983646832527638,-0.04808220981642366,-0.024070894723928708
clip_l14,face,llm_detailed,50,0.840487964572053,0.9167346938775509,0.12038400006133745,-0.015452087357871458,-0.004865820437107453,0.76,0.4,0.533838010802407,-0.024383143220962796,-0.007137979669006536
clip_l14,face,llm_distinctive_first,50,0.749119780560166,0.8302040816326531,0.05696691637429032,-0.025607294229271157,-0.005549860866171619,0.7000000000000002,0.22,0.3583427251214003,-0.03470694495536369,-0.015725296169042495
clip_l14,face,llm_human_description,50,0.6747441132746862,0.8379591836734693,0.09709883198275845,-0.03711141231624181,-0.02029023166542805,0.596,0.08,0.2616339093483056,-0.048811979416017434,-0.02548780778638751
clip_l14,person,control_one_fact,41,0.8777705616531034,0.9920358387257343,0.3600930189956538,0.13479990748532217,0.14248332741202938,0.9658536585365854,0.8780487804878049,0.9154471544715447,0.10263422489215228,0.1645743562092275
clip_l14,person,control_synonym,48,0.9211300107034411,0.9982993197278912,0.3920388877763437,0.1545610220654759,0.15526391173816265,0.9875000000000002,0.9166666666666666,0.9583333333333334,0.12920103330175936,0.1788503754449104
clip_l14,person,llm_attribute_list,50,0.8314991899775473,0.9942857142857143,0.37469735260302145,0.12983775469949202,0.1459501025495835,0.98,0.86,0.9178571428571428,0.09992469815496617,0.15916671747185232
clip_l14,person,llm_balanced,50,0.9202969324717698,0.9975510204081632,0.39043283836565457,0.15427258719930526,0.15498057981630864,0.988,0.92,0.9533333333333333,0.12964790966434722,0.17889239601346363
clip_l14,person,llm_brief,50,0.8540265666731621,0.9951020408163265,0.3593018018953292,0.12284076538201485,0.1268632372216518,0.9719999999999999,0.88,0.9256666666666666,0.09712333399608587,0.14684052948792536
clip_l14,person,llm_detailed,50,0.9233598807811693,0.9955102040816327,0.4002592560903877,0.1630191920946465,0.16388634240269595,0.98,0.9,0.9333333333333332,0.13507275711725572,0.18978489768863274
clip_l14,person,llm_distinctive_first,50,0.8960417524263541,0.9991836734693877,0.39681393949344723,0.1666984709647884,0.16872390278091387,0.992,0.96,0.98,0.14365618974447505,0.1893174689546661
clip_l14,person,llm_human_description,50,0.8175329903032384,0.9853061224489796,0.34466874963752653,0.10302690405457313,0.11863719707675761,0.956,0.82,0.8893815987933635,0.06912223271076996,0.1343995907391865
clip_l14,vehicle,control_one_fact,48,0.735874288937907,0.9727891156462585,0.24546763182442347,0.05091128143378837,0.08485167393098521,0.9041666666666667,0.5833333333333334,0.7184854497354497,0.017830131700999816,0.08867003889043537
clip_l14,vehicle,control_synonym,31,0.8282470269352251,0.9947333772218565,0.3288690448648301,0.1406008428235535,0.15128770802055694,0.9548387096774194,0.9032258064516129,0.9301075268817205,0.10357820070132998,0.18027959612474764
clip_l14,vehicle,llm_attribute_list,50,0.8992029695007399,0.9922448979591837,0.30286028980403934,0.12715796989750724,0.1289386025687245,0.9880000000000001,0.94,0.9540000000000001,0.10164767343654225,0.1526546516296443
clip_l14,vehicle,llm_balanced,50,0.8275556706588499,0.9959183673469388,0.33894997992241166,0.13990035846207194,0.15453568013402502,0.9680000000000001,0.88,0.93,0.10883734521308568,0.17088083764120363
clip_l14,vehicle,llm_brief,50,0.7922722016813073,0.9828571428571429,0.28534928556400213,0.08204183995773903,0.09156163266083628,0.944,0.78,0.8594329004329003,0.05123031028816227,0.11391513780943464
clip_l14,vehicle,llm_detailed,50,0.8272826691296099,0.9979591836734695,0.3591994583704837,0.1525368202071108,0.1769816656764419,0.992,0.92,0.9566666666666667,0.11963135439268444,0.18730657523461713
clip_l14,vehicle,llm_distinctive_first,50,0.8273725897650153,0.9987755102040816,0.36615018530131993,0.16439113001321407,0.18532236918374434,0.992,0.94,0.97,0.13315501406048358,0.19454617507912225
clip_l14,vehicle,llm_human_description,50,0.8533517083592324,0.990204081632653,0.2869094726794527,0.11411651255136772,0.11751142303370024,0.988,0.96,0.967536231884058,0.09020193135899618,0.1394076338651374
deberta_v3_base_mean_pool,face,control_one_fact,44,0.9565463540921777,0.5653988868274582,0.0006530678278493216,-0.013309851276199835,-0.004750060582392498,0.5409090909090909,0.022727272727272728,0.10879455960485988,-0.01622551976583192,-0.010692010298728443
deberta_v3_base_mean_pool,face,control_synonym,17,0.9573275089434067,0.5150060024009604,-0.0013860833335252029,-0.014686465173320166,-0.005255753159206377,0.5176470588235295,0.0,0.06766977752373542,-0.019715625797498318,-0.010066831825553273
deberta_v3_base_mean_pool,face,llm_attribute_list,50,0.9825977910755302,0.6338775510204082,0.0021520520261550315,-0.0059461603560910905,-0.0016240258516422657,0.6680000000000001,0.04,0.15701810223506235,-0.007360381411464195,-0.004573255780445184
deberta_v3_base_mean_pool,face,llm_balanced,50,0.9544121666596926,0.5857142857142857,0.0012065768589362858,-0.013934756870291144,-0.004318243455950035,0.5760000000000001,0.04,0.11918201008068842,-0.01657431355543335,-0.01142163112557476
deberta_v3_base_mean_pool,face,llm_brief,50,0.9384294094252036,0.5563265306122448,0.000500991984402186,-0.015088878010108983,-0.0057318567785649525,0.54,0.02,0.1072740553163676,-0.01766878089762132,-0.01237449919055771
deberta_v3_base_mean_pool,face,llm_detailed,50,0.9767129074634353,0.6253061224489795,0.0018421816576963113,-0.009484524317679549,-0.002559689826196938,0.64,0.06,0.1707762070243942,-0.012058485353410475,-0.007070392422715912
deberta_v3_base_mean_pool,face,llm_distinctive_first,50,0.9803238580383552,0.5942857142857143,0.00014907980703050992,-0.008573623476088185,-0.0026471163129005836,0.624,0.08,0.16718130517265517,-0.011032574687079117,-0.006330406766326906
deberta_v3_base_mean_pool,face,llm_human_description,50,0.9150113835765127,0.5318367346938776,0.0004310090334024852,-0.027747997011069333,-0.0068681562324238365,0.5480000000000002,0.04,0.10508648340466367,-0.03227649151085173,-0.023268654010801852
deberta_v3_base_mean_pool,person,control_one_fact,41,0.9804894020580541,0.7834743653558984,0.011000917775117226,-0.007514591237354805,-0.0001452319470170668,0.8146341463414636,0.24390243902439024,0.3530728914319078,-0.010457981663326385,-0.0045617965567843
deberta_v3_base_mean_pool,person,control_synonym,48,0.9794899958150145,0.7687074829931971,0.011240525273136808,-0.007731460804172957,-0.0003841728716867619,0.8166666666666665,0.25,0.35736949232390386,-0.01100435526859993,-0.004595520840338357
deberta_v3_base_mean_pool,person,llm_attribute_list,50,0.9417904204007291,0.7057142857142857,0.009534386772873469,-0.01755266960032355,-0.0034919456360784106,0.6839999999999999,0.08,0.2042596728966126,-0.021967562609192234,-0.013535604198419926
deberta_v3_base_mean_pool,person,llm_balanced,50,0.980725007000428,0.7775510204081632,0.012193225742011947,-0.0074927200983114384,6.920401126268238e-05,0.8239999999999997,0.2,0.3470089312233424,-0.010353131145921205,-0.004598096097847457
deberta_v3_base_mean_pool,person,llm_brief,50,0.9728796147527768,0.7379591836734692,0.00771610440810103,-0.01046325701923148,-0.001586017727330178,0.7479999999999998,0.14,0.2554379782669226,-0.012979106427579925,-0.007948483488189013
deberta_v3_base_mean_pool,person,llm_detailed,50,0.9810046758809083,0.8514285714285715,0.015654660996742217,-0.004190111803918333,0.0009920608540474074,0.8799999999999999,0.42,0.5217300787292206,-0.007503982481881771,-0.0011510498948945481
deberta_v3_base_mean_pool,person,llm_distinctive_first,50,0.9779070523033382,0.8326530612244898,0.014024283174721175,-0.005020643196649612,0.0011406722716399175,0.8439999999999999,0.36,0.45779011161843614,-0.007825947703654919,-0.002444188000639661
deberta_v3_base_mean_pool,person,llm_human_description,50,0.9543020708126595,0.6522448979591837,0.00919343411456242,-0.01924494187459199,-0.004112568372662193,0.7080000000000001,0.18,0.25623383668301797,-0.02394176223651259,-0.014501714496183475
deberta_v3_base_mean_pool,vehicle,control_one_fact,48,0.9671960769557583,0.8299319727891157,0.015012051886250237,-0.005677304216987565,-0.001551767450036742,0.7541666666666665,0.3541666666666667,0.4975762586795415,-0.010824921697609652,-0.001489169037709594
deberta_v3_base_mean_pool,vehicle,control_synonym,31,0.9721096977167316,0.8657011191573404,0.015001287188408251,-0.004285569522748823,-0.0008154287798588296,0.7677419354838712,0.3225806451612903,0.4740943321301356,-0.0073838178775238955,-0.0013267360336520224
deberta_v3_base_mean_pool,vehicle,llm_attribute_list,50,0.9487774381521329,0.7832653061224489,0.014719981002749991,-0.013281830751123323,-0.004025090398756093,0.7360000000000001,0.3,0.37927993886380323,-0.019541585425254738,-0.0076755043115066665
deberta_v3_base_mean_pool,vehicle,llm_balanced,50,0.9696995696468594,0.8216326530612243,0.015296018230330555,-0.004660338549829528,-0.0013001224444005976,0.7360000000000001,0.34,0.4816582854210938,-0.008035645932790506,-0.0014258405691659857
deberta_v3_base_mean_pool,vehicle,llm_brief,50,0.940335880970029,0.7587755102040816,0.01615463026451973,-0.015108650166133919,-0.004546284634725351,0.6559999999999999,0.18,0.31839620496066556,-0.022188370584672757,-0.008893743657801954
deberta_v3_base_mean_pool,vehicle,llm_detailed,50,0.9751624888317614,0.8771428571428572,0.020352074931054148,-0.0009996081720702321,0.0012325583921540151,0.8519999999999999,0.56,0.6600979676201999,-0.004588739719412825,0.002156566827624561
deberta_v3_base_mean_pool,vehicle,llm_distinctive_first,50,0.9763002223827226,0.9130612244897958,0.021741289494530407,2.0637294564045396e-05,0.002765639136021296,0.872,0.5,0.6424682539682539,-0.0030818072912680724,0.0030045139801457917
deberta_v3_base_mean_pool,vehicle,llm_human_description,50,0.9574615774521014,0.7587755102040816,0.015193741360589652,-0.0119911075501611,-0.0027249942348149523,0.7439999999999999,0.24,0.3515895273606102,-0.015732409787083238,-0.008217192928867684
eva02_clip_l14,face,control_one_fact,44,0.7328068828358827,0.8599257884972168,0.08967572348078788,-0.02854615795230796,-0.01519451357303973,0.6318181818181817,0.18181818181818182,0.33481349187213943,-0.0396093340974024,-0.017064120027186314
eva02_clip_l14,face,control_synonym,17,0.7531679003140361,0.9111644657863145,0.1038927652671125,-0.018004705890682423,-0.008361403954441267,0.6705882352941177,0.29411764705882354,0.4183961463373228,-0.03520201204152691,0.0039985608309989805
eva02_clip_l14,face,llm_attribute_list,50,0.8328215910156789,0.7926530612244896,0.04319307628324712,-0.028646274356477156,-0.00289894683151634,0.6800000000000002,0.2,0.333286687981482,-0.03806135165665104,-0.020064621318496567
eva02_clip_l14,face,llm_balanced,50,0.7497398226573887,0.8832653061224489,0.09974868217097362,-0.02244642640993265,-0.009023524883435117,0.6519999999999999,0.26,0.4116951916332722,-0.033636622027486365,-0.011300466893778935
eva02_clip_l14,face,llm_brief,50,0.7155991453237618,0.8844897959183673,0.09490551893499086,-0.02320463107004927,-0.011767201345998768,0.648,0.22,0.3889487068487068,-0.03455939579645981,-0.01140389169205989
eva02_clip_l14,face,llm_detailed,50,0.8462981072931008,0.936734693877551,0.10693411474368952,-0.004622859371070751,0.001855518858357692,0.78,0.44,0.5858593906093905,-0.014148656030705422,0.00505033745501133
eva02_clip_l14,face,llm_distinctive_first,50,0.7530879785743108,0.8571428571428571,0.06080424761480337,-0.024996072296940546,-0.00484343882048085,0.7240000000000001,0.24,0.3784718066294878,-0.034422994991409946,-0.01590071160443251
eva02_clip_l14,face,llm_human_description,50,0.7087123686313316,0.8689795918367345,0.08817531040461203,-0.025847534639545023,-0.010304088773786,0.6759999999999999,0.24,0.3770893726156884,-0.03581007264850125,-0.016079052082335597
eva02_clip_l14,person,control_one_fact,41,0.900592260898481,0.9995022399203585,0.3853957802743023,0.17013372484201986,0.17715250498664795,1.0,0.975609756097561,0.9878048780487805,0.14440657147652616,0.19443339585083536
eva02_clip_l14,person,control_synonym,48,0.9461609969509618,1.0,0.42104057087649416,0.1974317811617886,0.1974317811617886,1.0,1.0,1.0,0.17756188347236856,0.21741485820475176
eva02_clip_l14,person,llm_attribute_list,50,0.9066813774630341,1.0,0.4122945610724358,0.1914111347090034,0.1914111347090034,1.0,1.0,1.0,0.16979809898073844,0.21408727498528413
eva02_clip_l14,person,llm_balanced,50,0.9466163809111237,1.0,0.4198775540252317,0.19764382590463866,0.19764382590463866,1.0,1.0,1.0,0.17882923441666107,0.21735973990646706
eva02_clip_l14,person,llm_brief,50,0.8565933063999851,0.9975510204081632,0.3733235856481168,0.14610966054286811,0.1492212240309328,0.988,0.94,0.9640000000000001,0.12122784595328626,0.16987802322717316
eva02_clip_l14,person,llm_detailed,50,0.9549803721916232,1.0,0.43033775177363365,0.2083282003951487,0.2083282003951487,1.0,1.0,1.0,0.18649608502468565,0.22950440302754802
eva02_clip_l14,person,llm_distinctive_first,50,0.9272153730427438,1.0,0.43864851218067036,0.2092216218904649,0.20983880479509462,1.0,1.0,1.0,0.1878297913916071,0.23063007242084205
eva02_clip_l14,person,llm_human_description,50,0.8843367089701517,1.0,0.39367293179191043,0.1786458138453771,0.1788782672904868,1.0,1.0,1.0,0.15753028658502416,0.1999159289319588
eva02_clip_l14,vehicle,control_one_fact,48,0.7507785384597366,0.9834183673469389,0.29188420326923725,0.06892329258646898,0.10878315733834175,0.9499999999999998,0.7083333333333334,0.8003472222222222,0.03725431431344883,0.10302584769764617
eva02_clip_l14,vehicle,control_synonym,31,0.8769610849537208,0.9993416721527321,0.41072875755622257,0.18382233112835997,0.18504715206983777,0.9935483870967742,0.967741935483871,0.9838709677419355,0.15294933723383103,0.21501090876730977
eva02_clip_l14,vehicle,llm_attribute_list,50,0.919831587937596,1.0,0.4294290800803035,0.19702641491373407,0.19773320206014636,1.0,1.0,1.0,0.17291926499999039,0.2217725382240659
eva02_clip_l14,vehicle,llm_balanced,50,0.8760124692218327,0.999591836734694,0.41907999038039184,0.18073352776251603,0.18198158528820418,0.996,0.98,0.99,0.1551039338642603,0.20814857747998
eva02_clip_l14,vehicle,llm_brief,50,0.8071184071511166,0.9934693877551021,0.370912464199545,0.11144326765605828,0.11683014847875908,0.9519999999999998,0.84,0.904,0.08017891536484041,0.14392290506603844
eva02_clip_l14,vehicle,llm_detailed,50,0.9036208980208816,1.0,0.44987081148832225,0.21128624725339365,0.21285021854969607,1.0,1.0,1.0,0.18491223362715037,0.24006246032334022
eva02_clip_l14,vehicle,llm_distinctive_first,50,0.9021917982139877,1.0,0.4568769898789272,0.22365896591326986,0.22551026664615215,1.0,1.0,1.0,0.19755487160699586,0.2501587031811269
eva02_clip_l14,vehicle,llm_human_description,50,0.8795973284640444,1.0,0.4023144945232558,0.17594123290436897,0.17683905525614624,1.0,1.0,1.0,0.152980870809646,0.2004485697530509
jina_clip_v2,face,control_one_fact,44,0.8859233056559173,0.9267161410018553,0.10116630557775118,0.005937166542288077,0.01579307871402124,0.8,0.4772727272727273,0.6053310724363355,-0.005746571853440439,0.01824524405625703
jina_clip_v2,face,control_synonym,17,0.8823088969642746,0.8907563025210083,0.105600164763714,0.00979206073333377,0.017840018266913386,0.7294117647058824,0.5882352941176471,0.6342350975477911,-0.013346836538277607,0.0365272699595818
jina_clip_v2,face,llm_attribute_list,50,0.9035205318320709,0.8457142857142856,0.04419121269281219,-0.0255102410608781,-0.0036906032115786515,0.7440000000000001,0.28,0.4083054808373039,-0.035613666486133407,-0.015247653441270555
jina_clip_v2,face,llm_balanced,50,0.8859175406569492,0.9346938775510205,0.10924246909451832,0.00957180212992367,0.01921542130699471,0.836,0.58,0.6698899331662489,-0.0020957680594254464,0.022264720887395454
jina_clip_v2,face,llm_brief,50,0.8333183194871144,0.9236734693877551,0.10450935040507424,0.0020249732932353416,0.011720946813221571,0.8079999999999999,0.48,0.6060327812284334,-0.008007682422760128,0.01298662395864934
jina_clip_v2,face,llm_detailed,50,0.926632310922777,0.9530612244897959,0.09414678495846206,0.009767276628525237,0.01553752717994466,0.8439999999999999,0.62,0.7130265567765568,0.0007164493367947195,0.020011470563607508
jina_clip_v2,face,llm_distinctive_first,50,0.8999834174336375,0.9408163265306123,0.07416590508021222,0.01439478823056993,0.026146500587873003,0.8640000000000001,0.68,0.7330172975172975,0.0027472742208618844,0.025897199594701305
jina_clip_v2,face,llm_human_description,50,0.8767245231487371,0.9281632653061225,0.11879088718837895,0.010581618746276946,0.019818376302430885,0.848,0.54,0.6415278852255565,-0.0012717091021724105,0.023365994734244274
jina_clip_v2,person,control_one_fact,41,0.9484331633127739,0.9970134395221503,0.27347352666368424,0.09597906010497807,0.10379192168368717,0.9853658536585366,0.9512195121951219,0.9642276422764228,0.07457126471791549,0.11735793605314694
jina_clip_v2,person,control_synonym,48,0.9815513726933439,1.0,0.29887582237982185,0.11649076556575133,0.11649076556575133,1.0,1.0,1.0,0.10179992092011869,0.13167886175219967
jina_clip_v2,person,llm_attribute_list,50,0.9663494477291625,1.0,0.308943472525994,0.12142667568538465,0.12142667568538465,1.0,1.0,1.0,0.10560086175289123,0.1380853398584319
jina_clip_v2,person,llm_balanced,50,0.9834471279678602,1.0,0.29931807771389485,0.11682070212959651,0.11682070212959651,1.0,1.0,1.0,0.10221860051669486,0.1315900941267475
jina_clip_v2,person,llm_brief,50,0.9160793454139055,0.9853061224489795,0.25640207296372686,0.07838660530773132,0.08257329405786627,0.9680000000000001,0.9,0.9356451612903226,0.05684139396599955,0.09886154181819005
jina_clip_v2,person,llm_detailed,50,0.9891400491980005,1.0,0.31120421849238006,0.1288992723236168,0.1288992723236168,1.0,1.0,1.0,0.1117056139260854,0.1468835393391322
jina_clip_v2,person,llm_distinctive_first,50,0.9662639114867128,1.0,0.30902631353210297,0.12542340447493378,0.1257017748490689,1.0,1.0,1.0,0.10904445235451321,0.1431973033277896
jina_clip_v2,person,llm_human_description,50,0.9612380984742476,1.0,0.2869753832527396,0.11429246942227257,0.11431018054633435,1.0,1.0,1.0,0.09848208442646474,0.1305651623071
jina_clip_v2,vehicle,control_one_fact,48,0.8562327464617576,0.98171768707483,0.237430349641528,0.0567855803397983,0.08272005437717077,0.9333333333333332,0.7083333333333334,0.7946428571428572,0.030848712396103945,0.08524948148593403
jina_clip_v2,vehicle,control_synonym,31,0.9517545676833075,0.9980250164581962,0.3287682903533606,0.13513939568344782,0.13513939568344782,0.9806451612903225,0.967741935483871,0.9758064516129032,0.10719622011813108,0.16568583814040283
jina_clip_v2,vehicle,llm_attribute_list,50,0.9615080997013732,1.0,0.3720280139524299,0.16959446540900164,0.16959446540900164,1.0,1.0,1.0,0.14431590560403124,0.19634318784762156
jina_clip_v2,vehicle,llm_balanced,50,0.9513880344690553,0.9987755102040816,0.3388616875585577,0.1434248357693955,0.1434248357693955,0.988,0.98,0.985,0.11777597517356425,0.16877373783934088
jina_clip_v2,vehicle,llm_brief,50,0.9039048821797842,0.9946938775510205,0.33405634800301504,0.12117917490116581,0.12137686409783609,0.964,0.88,0.9278571428571428,0.09243879262753661,0.14858877603010467
jina_clip_v2,vehicle,llm_detailed,50,0.9667844829747723,1.0,0.35665674008897474,0.15837113501555428,0.15837113501555428,1.0,1.0,1.0,0.1333163791100879,0.18401225179354916
jina_clip_v2,vehicle,llm_distinctive_first,50,0.9661593229089595,1.0,0.36059994633546794,0.1646226343150079,0.1646226343150079,1.0,1.0,1.0,0.14160580279035112,0.18898824407434245
jina_clip_v2,vehicle,llm_human_description,50,0.9477854566710855,1.0,0.3321128184465488,0.14224045663239315,0.14224045663239315,1.0,1.0,1.0,0.11954986374187727,0.16633559279655669
siglip2_b16_224,face,control_one_fact,44,0.8478010219841213,0.48701298701298695,-0.002311039517227248,-0.04330031992828244,-0.028241143605429744,0.33636363636363636,0.045454545454545456,0.10775538494632379,-0.05195020804353001,-0.03578331327965961
siglip2_b16_224,face,control_synonym,17,0.8500295624504759,0.44417767106842737,-0.0033615021626025067,-0.046106732464246805,-0.03005154708348879,0.2823529411764706,0.0,0.04490857776632691,-0.05316096437362186,-0.038704598703351654
siglip2_b16_224,face,llm_attribute_list,50,0.888881411947095,0.6808163265306121,0.011229493431894819,-0.025462730610316297,-0.015089695613122109,0.564,0.22,0.2935933127638172,-0.033422516885540654,-0.01833396946417222
siglip2_b16_224,face,llm_balanced,50,0.8475214561529297,0.5008163265306123,-0.0009007756783197362,-0.042756936794127294,-0.028237966180903552,0.35600000000000004,0.02,0.09233997896777424,-0.05037795708020587,-0.0359110078931158
siglip2_b16_224,face,llm_brief,50,0.8180783289173987,0.5314285714285715,0.0021844275552162064,-0.042369721793078324,-0.02747806066814139,0.3559999999999999,0.02,0.10155232133804512,-0.04979571809755189,-0.035358249423007096
siglip2_b16_224,face,llm_detailed,50,0.8962597169084441,0.6261224489795918,0.0068126348724868715,-0.028706179268626997,-0.020433438827866624,0.45199999999999996,0.02,0.14922621502459196,-0.03508407174717239,-0.02298909670813354
siglip2_b16_224,face,llm_distinctive_first,50,0.8647409067590088,0.573469387755102,0.004415440594215072,-0.03509990855732104,-0.024092020408754064,0.352,0.06,0.13188818129596058,-0.04208379864338067,-0.028790218953186075
siglip2_b16_224,face,llm_human_description,50,0.8513258292076092,0.556734693877551,0.002001033172441937,-0.03932883042786948,-0.025330767327109215,0.38,0.04,0.11287702351475075,-0.04652645421254299,-0.032600467021762
siglip2_b16_224,person,control_one_fact,41,0.8681112621520423,0.9880537580886014,0.17303363234217117,0.051082984808484264,0.0635458237729464,0.9512195121951219,0.8048780487804879,0.8754065040650406,0.03250201214390129,0.07029301304750764
siglip2_b16_224,person,control_synonym,48,0.8987527048387949,0.9965986394557823,0.19009343390369313,0.07093544579854923,0.0732987360647757,0.975,0.9375,0.9583333333333334,0.05627966762960292,0.08675744917889888
siglip2_b16_224,person,llm_attribute_list,50,0.8285943735582478,0.8195918367346939,0.07794680276730276,-0.02963644772757947,-0.019364673158262923,0.6759999999999999,0.44,0.51652924366171,-0.04961767563216998,-0.009729229192458054
siglip2_b16_224,person,llm_balanced,50,0.911012799110622,0.9967346938775511,0.19978321120934708,0.07979629918711063,0.08161508706527928,0.976,0.92,0.9506666666666667,0.06215747202437995,0.09762913985213964
siglip2_b16_224,person,llm_brief,50,0.849789047069542,0.9914285714285714,0.17736056642195852,0.04994524214171458,0.06143708416485455,0.9680000000000001,0.9,0.932095238095238,0.03281300336119085,0.06672613632964666
siglip2_b16_224,person,llm_detailed,50,0.9168734586393648,0.9963265306122449,0.18931837464831303,0.08094990644127545,0.0826078675862303,0.976,0.94,0.9625,0.06506015279385288,0.09703561426058281
siglip2_b16_224,person,llm_distinctive_first,50,0.8759433164026749,0.9910204081632652,0.1737910274781165,0.05837736381359953,0.06426072546992645,0.968,0.9,0.9377777777777777,0.04392537770345497,0.07242188989562934
siglip2_b16_224,person,llm_human_description,50,0.8808544149283936,0.9893877551020408,0.1562596961089181,0.042560619643284274,0.04588844240560691,0.94,0.8,0.8726666666666667,0.029176400775411723,0.05703120969630784
siglip2_b16_224,vehicle,control_one_fact,48,0.8051669119815067,0.8371598639455783,0.05223016660426632,-0.024350493794597656,0.0046281975536777665,0.7416666666666666,0.2916666666666667,0.4143671151099073,-0.038409072319056325,-0.010244300496985732
siglip2_b16_224,vehicle,control_synonym,31,0.8871690652955794,0.9058591178406846,0.07061549202816605,0.008073260350556404,0.021849731171851707,0.8193548387096774,0.4838709677419355,0.5998868199057953,-0.00761359684106142,0.02550909720803721
siglip2_b16_224,vehicle,llm_attribute_list,50,0.9246076862530497,0.9653061224489796,0.07608751206726812,0.018978349094949373,0.023645565377947726,0.92,0.78,0.8426938775510204,0.006738298018065403,0.029708276652968203
siglip2_b16_224,vehicle,llm_balanced,50,0.8760401097263437,0.9204081632653061,0.06854599816000642,0.007606105507596648,0.019106713139302185,0.8320000000000001,0.5,0.6211712635190896,-0.005432513933594179,0.02150940700979923
siglip2_b16_224,vehicle,llm_brief,50,0.8389103121784183,0.790612244897959,0.03605664743019235,-0.03175795265718677,-0.0024305970789195407,0.6480000000000001,0.26,0.3659846216858601,-0.04508557492937122,-0.017431070141504367
siglip2_b16_224,vehicle,llm_detailed,50,0.9010038967237568,0.9575510204081632,0.08100460904652264,0.02072883329112428,0.0293676522405017,0.92,0.7,0.7693772642390289,0.009519967370884104,0.032636358903670205
siglip2_b16_224,vehicle,llm_distinctive_first,50,0.9015249105418246,0.9751020408163265,0.08274909434517223,0.024532608969705157,0.030062821488881654,0.9440000000000001,0.74,0.813562271062271,0.014601856004614572,0.034687578678802664
siglip2_b16_224,vehicle,llm_human_description,50,0.8909438895709676,0.9636734693877551,0.07173639007972582,0.01083637358360687,0.02107128971235233,0.9239999999999999,0.6,0.7231709956709956,0.0023234163424310284,0.019598132281503488
