model,domain,within_domain_cosine_mean,within_domain_cosine_std,global_domain_silhouette
clip_b16,face,0.8982664942741394,0.0397909246385097,0.5680718926214376
clip_b16,person,0.6605828404426575,0.1038923561573028,0.5680718926214376
clip_b16,vehicle,0.7240988612174988,0.1185091957449913,0.5680718926214376
clip_l14,face,0.8164307475090027,0.0780337452888488,0.502682595374712
clip_l14,person,0.5119889974594116,0.126782938838005,0.502682595374712
clip_l14,vehicle,0.5922272801399231,0.1401364952325821,0.502682595374712
siglip2_b16_224,face,0.9083057641983032,0.0240745171904563,0.4073177070799463
siglip2_b16_224,person,0.733193576335907,0.0816512927412986,0.4073177070799463
siglip2_b16_224,vehicle,0.8622947931289673,0.0510740131139755,0.4073177070799463
jina_clip_v2,face,0.8784777522087097,0.0528871119022369,0.5231663081563681
jina_clip_v2,person,0.6697116494178772,0.1117119342088699,0.5231663081563681
jina_clip_v2,vehicle,0.6284053325653076,0.1055569276213646,0.5231663081563681
eva02_clip_l14,face,0.8291894197463989,0.0693500712513923,0.5193631890948088
eva02_clip_l14,person,0.5232293605804443,0.1212697550654411,0.5193631890948088
eva02_clip_l14,vehicle,0.5098299384117126,0.1169533878564834,0.5193631890948088
altclip,face,0.896622896194458,0.058480430394411,0.5570791676531133
altclip,person,0.5399603843688965,0.1245895102620124,0.5570791676531133
altclip,vehicle,0.5415313243865967,0.1170785725116729,0.5570791676531133
deberta_v3_base_mean_pool,face,0.9909022450447084,0.0053258654661476,0.5153631798962816
deberta_v3_base_mean_pool,person,0.9736313223838806,0.0111103374511003,0.5153631798962816
deberta_v3_base_mean_pool,vehicle,0.9642240405082704,0.0194187462329864,0.5153631798962816
bge_m3,face,0.8763261437416077,0.047882791608572,0.4930025251596968
bge_m3,person,0.7683921456336975,0.067978523671627,0.4930025251596968
bge_m3,vehicle,0.675996720790863,0.0717654079198837,0.4930025251596968
