model_a,model_b,spearman,knn_k,knn_overlap,pairs
clip_b16,clip_l14,0.8883331216663126,10,0.6613333333333332,11175
clip_b16,siglip2_b16_224,0.622472905107248,10,0.41333333333333333,11175
clip_b16,jina_clip_v2,0.8117739881003445,10,0.5633333333333334,11175
clip_b16,eva02_clip_l14,0.844288351882838,10,0.6726666666666667,11175
clip_b16,altclip,0.800864006242135,10,0.5673333333333332,11175
clip_b16,deberta_v3_base_mean_pool,0.5139940132945141,10,0.3233333333333333,11175
clip_b16,bge_m3,0.7454569874838842,10,0.5580000000000002,11175
clip_l14,siglip2_b16_224,0.6445955986783348,10,0.40066666666666656,11175
clip_l14,jina_clip_v2,0.7852057485774435,10,0.5746666666666668,11175
clip_l14,eva02_clip_l14,0.8876879422288825,10,0.7433333333333333,11175
clip_l14,altclip,0.8276213445282167,10,0.6193333333333334,11175
clip_l14,deberta_v3_base_mean_pool,0.5293321292932999,10,0.30599999999999994,11175
clip_l14,bge_m3,0.7374745224628421,10,0.5586666666666668,11175
siglip2_b16_224,jina_clip_v2,0.49458124955037325,10,0.3826666666666666,11175
siglip2_b16_224,eva02_clip_l14,0.6029910244931245,10,0.4426666666666666,11175
siglip2_b16_224,altclip,0.6545564185173435,10,0.3933333333333334,11175
siglip2_b16_224,deberta_v3_base_mean_pool,0.45065311555124754,10,0.314,11175
siglip2_b16_224,bge_m3,0.4452301226092012,10,0.3926666666666666,11175
jina_clip_v2,eva02_clip_l14,0.8256804153258379,10,0.626,11175
jina_clip_v2,altclip,0.767371992932898,10,0.624,11175
jina_clip_v2,deberta_v3_base_mean_pool,0.5167311843768085,10,0.2886666666666666,11175
jina_clip_v2,bge_m3,0.9193805228448308,10,0.6013333333333334,11175
eva02_clip_l14,altclip,0.8942419075711019,10,0.6766666666666666,11175
eva02_clip_l14,deberta_v3_base_mean_pool,0.5378016129695102,10,0.3013333333333333,11175
eva02_clip_l14,bge_m3,0.7862371002035442,10,0.6106666666666668,11175
altclip,deberta_v3_base_mean_pool,0.5032008013535836,10,0.31733333333333336,11175
altclip,bge_m3,0.6997333068715663,10,0.5593333333333333,11175
deberta_v3_base_mean_pool,bge_m3,0.5702793016496722,10,0.3233333333333333,11175
