model,domain,variant_type,n,cosine_mean,cosine_std,cosine_p10,cosine_median,margin_mean,mrr,recall_at_1,recall_at_5,original_truncation_rate,variant_truncation_rate,original_overflow_rate,variant_overflow_rate,original_chunks_mean,variant_chunks_mean,original_tokens_mean,variant_tokens_mean,cosine_ci95_low,cosine_ci95_high,recall_at_1_ci95_low,recall_at_1_ci95_high
altclip,face,control_one_fact,5,0.5059742867946625,0.08826713991263864,0.4257208228111267,0.507567286491394,-0.16625106930732728,0.10742424242424242,0.0,0.4,0.0,0.0,0.0,0.0,1.0,1.0,320.0,50.4,0.4401244640350342,0.5808474719524384,0.0,0.0
altclip,face,control_synonym,3,0.47655128439267475,0.05994658129692707,0.4280559241771698,0.4794524610042572,-0.17134136954943338,0.10680272108843537,0.0,0.3333333333333333,0.0,0.0,0.0,0.0,1.0,1.0,315.0,43.333333333333336,0.41520678997039795,0.5349946022033691,0.0,0.0
altclip,face,identity,50,1.000000010728836,1.2202846235296326e-07,0.9999998807907104,1.0,0.036823755502700804,1.0,1.0,1.0,0.0,0.0,0.0,0.0,1.0,1.0,278.0,278.0,0.9999999797344208,1.000000044107437,1.0,1.0
altclip,face,llm_balanced,5,0.5099744677543641,0.09182787477003507,0.42835661172866824,0.5097470879554749,-0.16992174386978148,0.13443877551020406,0.0,0.4,0.0,0.0,0.0,0.0,1.0,1.0,320.0,50.4,0.44144617319107055,0.593840491771698,0.0,0.0
altclip,face,llm_brief,5,0.5309756994247437,0.048989922012611195,0.4983118176460266,0.5132325887680054,-0.14744969606399536,0.26253401360544215,0.2,0.4,0.0,0.0,0.0,0.0,1.0,1.0,320.0,28.0,0.5022711536288261,0.5740455985069274,0.0,0.6
altclip,face,llm_detailed,5,0.7196444630622864,0.13110444128753831,0.5940308809280396,0.7340827584266663,-0.13417841196060182,0.28409090909090906,0.2,0.4,0.0,0.0,0.0,0.0,1.0,1.0,320.0,124.0,0.6227827191352844,0.8231040477752686,0.0,0.6
altclip,face,llm_human_description,5,0.5321262359619141,0.12936086962313859,0.4001023769378662,0.5369435548782349,-0.16060006618499756,0.11751289490651193,0.0,0.4,0.0,0.0,0.0,0.0,1.0,1.0,320.0,67.8,0.428246283531189,0.6299830913543701,0.0,0.0
altclip,person,control_one_fact,5,0.9087452530860901,0.0485783147252214,0.8606848597526551,0.9013725519180298,0.12280713319778443,0.9,0.8,1.0,0.0,0.0,0.0,0.0,1.0,1.0,47.2,44.4,0.8726067543029785,0.9447506904602051,0.4,1.0
altclip,person,control_synonym,4,0.9819775968790054,0.013127417450050456,0.970691692829132,0.9802509844303131,0.1740669310092926,1.0,1.0,1.0,0.0,0.0,0.0,0.0,1.0,1.0,48.25,47.5,0.9722532629966736,0.9933336079120636,1.0,1.0
altclip,person,identity,50,1.000000022649765,9.396585047573442e-08,0.9999998807907104,1.0,0.21226786375045775,1.0,1.0,1.0,0.0,0.0,0.0,0.0,1.0,1.0,43.18,43.18,0.9999999976158143,1.0000000476837159,1.0,1.0
altclip,person,llm_balanced,5,0.9837268710136413,0.013030893528901648,0.9704343199729919,0.9840613603591919,0.18725712299346925,1.0,1.0,1.0,0.0,0.0,0.0,0.0,1.0,1.0,47.2,44.4,0.9738088488578797,0.9936233997344971,1.0,1.0
altclip,person,llm_brief,5,0.9239046216011048,0.05146147907538529,0.8711304664611816,0.924328088760376,0.15988607406616212,1.0,1.0,1.0,0.0,0.0,0.0,0.0,1.0,1.0,47.2,30.8,0.8828672409057617,0.9619660615921021,1.0,1.0
altclip,person,llm_detailed,5,0.97778160572052,0.015733979069772155,0.9628603219985962,0.983870804309845,0.18096390962600709,1.0,1.0,1.0,0.0,0.0,0.0,0.0,1.0,1.0,47.2,54.0,0.9636105400323868,0.9863056439161301,1.0,1.0
altclip,person,llm_human_description,5,0.9343924045562744,0.04617212611715343,0.8919189929962158,0.9519306421279907,0.14305464029312134,1.0,1.0,1.0,0.0,0.0,0.0,0.0,1.0,1.0,47.2,50.8,0.8922157526016236,0.9593024015426636,1.0,1.0
altclip,vehicle,control_one_fact,5,0.7907739400863647,0.09537163498035785,0.6962617993354797,0.7930551767349243,0.05918142795562744,0.8400000000000001,0.8,1.0,0.0,0.0,0.0,0.0,1.0,1.0,30.4,24.4,0.7127792239189148,0.8640341401100159,0.4,1.0
altclip,vehicle,control_synonym,5,0.9224323630332947,0.027251755320734542,0.8948925018310547,0.9205323457717896,0.15048333406448364,1.0,1.0,1.0,0.0,0.0,0.0,0.0,1.0,1.0,30.4,24.4,0.9017220973968506,0.9431426286697387,1.0,1.0
altclip,vehicle,identity,50,1.0000000274181366,9.187468466725166e-08,0.9999999344348908,1.0,0.22181841015815734,1.0,1.0,1.0,0.0,0.0,0.0,0.0,1.0,1.0,30.34,30.34,1.0000000023841857,1.0000000536441802,1.0,1.0
altclip,vehicle,llm_balanced,5,0.9212133169174195,0.024226624512343826,0.8988298892974853,0.9141287803649902,0.1506511926651001,1.0,1.0,1.0,0.0,0.0,0.0,0.0,1.0,1.0,30.4,24.4,0.9033058881759644,0.9401323318481445,1.0,1.0
altclip,vehicle,llm_brief,5,0.8286719799041748,0.03201793282075943,0.803422462940216,0.8247228264808655,0.037520754337310794,0.8,0.6,1.0,0.0,0.0,0.0,0.0,1.0,1.0,30.4,12.2,0.8072919607162475,0.857291316986084,0.2,1.0
altclip,vehicle,llm_detailed,5,0.9458119750022889,0.024778194595892655,0.9193065881729126,0.954842746257782,0.17035057544708251,1.0,1.0,1.0,0.0,0.0,0.0,0.0,1.0,1.0,30.4,31.2,0.9256345510482789,0.9626789450645447,1.0,1.0
altclip,vehicle,llm_human_description,5,0.8999831557273865,0.03419436831967391,0.863448441028595,0.9115971326828003,0.1319563388824463,1.0,1.0,1.0,0.0,0.0,0.0,0.0,1.0,1.0,30.4,37.8,0.871786105632782,0.9245108175277708,1.0,1.0
bge_m3,face,control_one_fact,5,0.7931944251060485,0.06952091276687776,0.7253541827201844,0.7926502227783203,-0.012575352191925048,0.6066666666666667,0.4,1.0,0.0,0.0,0.0,0.0,1.0,1.0,320.0,50.4,0.7377378463745117,0.8484953165054321,0.0,0.8
bge_m3,face,control_synonym,3,0.7710673213005066,0.06111003877072632,0.7216861486434937,0.7737036943435669,-0.024264593919118244,0.5,0.3333333333333333,0.6666666666666666,0.0,0.0,0.0,0.0,1.0,1.0,315.0,43.333333333333336,0.7086817622184753,0.8308165073394775,0.0,1.0
bge_m3,face,identity,50,1.0000000417232513,9.031467532196453e-08,1.0,1.0,0.04762276411056519,1.0,1.0,1.0,0.0,0.0,0.0,0.0,1.0,1.0,278.0,278.0,1.0000000178813935,1.0000000655651093,1.0,1.0
bge_m3,face,llm_balanced,5,0.8019116759300232,0.07116013031535336,0.7351251602172851,0.7930511832237244,-0.011198079586029053,0.6,0.4,0.8,0.0,0.0,0.0,0.0,1.0,1.0,320.0,50.4,0.7478045463562012,0.8598012447357177,0.0,0.8
bge_m3,face,llm_brief,5,0.744310486316681,0.07847111853037646,0.6622969627380371,0.7471834421157837,-0.014080798625946045,0.5771929824561404,0.4,0.8,0.0,0.0,0.0,0.0,1.0,1.0,320.0,28.0,0.68284592628479,0.8057750463485718,0.0,0.8
bge_m3,face,llm_detailed,5,0.8921066164970398,0.05773649680151274,0.8313894867897034,0.9090222120285034,0.003331589698791504,0.8,0.6,1.0,0.0,0.0,0.0,0.0,1.0,1.0,320.0,124.0,0.8462364077568054,0.9354001760482789,0.2,1.0
bge_m3,face,llm_human_description,5,0.783881139755249,0.05309189747425947,0.7298515200614929,0.7959260940551758,-0.0047376036643981935,0.75,0.6,1.0,0.0,0.0,0.0,0.0,1.0,1.0,320.0,67.8,0.7409647464752197,0.8226748824119567,0.2,1.0
bge_m3,person,control_one_fact,5,0.9606135964393616,0.022062151302536148,0.9394271612167359,0.9607340097427368,0.08161690235137939,1.0,1.0,1.0,0.0,0.0,0.0,0.0,1.0,1.0,47.2,44.4,0.9443654775619507,0.97863528996706,1.0,1.0
bge_m3,person,control_synonym,4,0.9723075032234192,0.01944638503704944,0.9559814631938934,0.9713580906391144,0.09964039921760559,1.0,1.0,1.0,0.0,0.0,0.0,0.0,1.0,1.0,48.25,47.5,0.954999566078186,0.9905648529529572,1.0,1.0
bge_m3,person,identity,50,1.000000058412552,9.745060892685188e-08,0.9999999403953552,1.0,0.1151279616355896,1.0,1.0,1.0,0.0,0.0,0.0,0.0,1.0,1.0,43.18,43.18,1.0000000321865081,1.0000000858306886,1.0,1.0
bge_m3,person,llm_balanced,5,0.9770840883255005,0.01881398627932845,0.959285044670105,0.9733740091323853,0.09403661489486695,1.0,1.0,1.0,0.0,0.0,0.0,0.0,1.0,1.0,47.2,44.4,0.9626655822992325,0.9923443555831909,1.0,1.0
bge_m3,person,llm_brief,5,0.9199621438980102,0.04480670035553596,0.8772925496101379,0.907336950302124,0.06864200830459595,1.0,1.0,1.0,0.0,0.0,0.0,0.0,1.0,1.0,47.2,30.8,0.8868131637573242,0.9531111240386962,1.0,1.0
bge_m3,person,llm_detailed,5,0.9686324715614318,0.006933863748674303,0.9614304780960083,0.9689990282058716,0.09387770891189576,1.0,1.0,1.0,0.0,0.0,0.0,0.0,1.0,1.0,47.2,54.0,0.9631763696670532,0.9737009882926941,1.0,1.0
bge_m3,person,llm_human_description,5,0.921220064163208,0.027038274555411877,0.8933731436729431,0.9266991019248962,0.07270759344100952,1.0,1.0,1.0,0.0,0.0,0.0,0.0,1.0,1.0,47.2,50.8,0.8993511915206909,0.9403110027313233,1.0,1.0
bge_m3,vehicle,control_one_fact,5,0.8981942772865296,0.04097861933875976,0.8605802416801452,0.8941555023193359,0.09774795770645142,1.0,1.0,1.0,0.0,0.0,0.0,0.0,1.0,1.0,30.4,24.4,0.8660017848014832,0.9325260758399964,1.0,1.0
bge_m3,vehicle,control_synonym,5,0.9208532452583313,0.031333029438334256,0.889673399925232,0.9231468439102173,0.11103711128234864,1.0,1.0,1.0,0.0,0.0,0.0,0.0,1.0,1.0,30.4,24.4,0.8975831985473632,0.9464664936065674,1.0,1.0
bge_m3,vehicle,identity,50,1.000000022649765,9.549658894468849e-08,0.9999998807907104,1.0,0.18353523969650268,1.0,1.0,1.0,0.0,0.0,0.0,0.0,1.0,1.0,30.34,30.34,0.999999996393919,1.0000000488758087,1.0,1.0
bge_m3,vehicle,llm_balanced,5,0.9267115712165832,0.028153026988197362,0.8998450517654419,0.9200243949890137,0.12294468879699708,1.0,1.0,1.0,0.0,0.0,0.0,0.0,1.0,1.0,30.4,24.4,0.9048573017120362,0.9480909943580628,1.0,1.0
bge_m3,vehicle,llm_brief,5,0.8360427498817444,0.03837481088755075,0.8053245902061462,0.8270970582962036,0.057363128662109374,0.7666666666666666,0.6,1.0,0.0,0.0,0.0,0.0,1.0,1.0,30.4,12.2,0.809262216091156,0.8700041055679322,0.2,1.0
bge_m3,vehicle,llm_detailed,5,0.9504775285720826,0.0038773297736964638,0.9462712526321411,0.9520161151885986,0.13721810579299926,1.0,1.0,1.0,0.0,0.0,0.0,0.0,1.0,1.0,30.4,31.2,0.9471914410591126,0.953328275680542,1.0,1.0
bge_m3,vehicle,llm_human_description,5,0.9232415199279785,0.016233957234972105,0.9055141806602478,0.9304252862930298,0.11819170713424683,1.0,1.0,1.0,0.0,0.0,0.0,0.0,1.0,1.0,30.4,37.8,0.9090356469154358,0.9349193096160888,1.0,1.0
clip_l14,face,control_one_fact,5,0.6993920564651489,0.12517916971113158,0.5795338392257691,0.6663782596588135,-0.02709881067276001,0.48,0.4,0.6,1.0,0.0,1.0,0.0,1.0,1.0,252.4,41.0,0.6069186925888062,0.7918654203414917,0.0,0.8
clip_l14,face,control_synonym,3,0.6916668017705282,0.12265994518604992,0.5940629959106445,0.6891250610351562,-0.0025332768758138022,0.6969696969696969,0.6666666666666666,0.6666666666666666,1.0,0.0,1.0,0.0,1.0,1.0,247.66666666666666,35.333333333333336,0.5702974796295166,0.8155778646469116,0.0,1.0
clip_l14,face,identity,50,1.0000000143051146,9.60039287833362e-08,0.9999999344348908,1.0,0.059506641626358034,1.0,1.0,1.0,1.0,1.0,1.0,1.0,1.0,1.0,218.38,218.38,0.9999999880790711,1.0000000417232513,1.0,1.0
clip_l14,face,llm_balanced,5,0.707448947429657,0.11976319691515716,0.5932361841201782,0.673636794090271,-0.02711585760116577,0.48151515151515145,0.4,0.6,1.0,0.0,1.0,0.0,1.0,1.0,252.4,41.2,0.6055216079950333,0.7967897653579712,0.0,0.8
clip_l14,face,llm_brief,5,0.6842048048973084,0.11261238661667387,0.5777163743972779,0.6527222990989685,-0.04079415798187256,0.3496825396825397,0.2,0.4,1.0,0.0,1.0,0.0,1.0,1.0,252.4,23.2,0.6022684693336486,0.771129822731018,0.0,0.6
clip_l14,face,llm_detailed,5,0.813659405708313,0.11060637448441586,0.6972768068313598,0.8248647451400757,-0.028969013690948488,0.3088888888888889,0.0,0.6,1.0,1.0,1.0,1.0,1.0,1.0,252.4,97.0,0.7246901750564575,0.8913437849283218,0.0,0.0
clip_l14,face,llm_human_description,5,0.6821224451065063,0.09645122135612481,0.5791800260543823,0.7242847681045532,-0.02144806385040283,0.44813315339631127,0.4,0.4,1.0,0.0,1.0,0.0,1.0,1.0,252.4,57.0,0.6022807598114014,0.7454136133193969,0.0,0.8
clip_l14,person,control_one_fact,5,0.890892231464386,0.10795885154626288,0.7858411073684692,0.9407366514205933,0.1239596962928772,0.8333333333333333,0.8,0.8,0.0,0.0,0.0,0.0,1.0,1.0,38.4,36.8,0.7931217074394226,0.947676157951355,0.4,1.0
clip_l14,person,control_synonym,4,0.9362829327583313,0.07668798854892882,0.8635701715946198,0.9613799452781677,0.13938648998737335,0.875,0.75,1.0,0.0,0.0,0.0,0.0,1.0,1.0,39.5,38.75,0.8603512495756149,0.9871176034212112,0.25,1.0
clip_l14,person,identity,50,0.9999999976158143,9.630554417701687e-08,0.9999998807907104,1.0,0.23576504826545716,1.0,1.0,1.0,0.0,0.0,0.0,0.0,1.0,1.0,35.32,35.32,0.9999999725818634,1.000000025033951,1.0,1.0
clip_l14,person,llm_balanced,5,0.9425581336021424,0.07527999556824766,0.8681641578674316,0.9671894311904907,0.15911751985549927,0.9,0.8,1.0,0.0,0.0,0.0,0.0,1.0,1.0,38.4,36.8,0.8765256643295288,0.9858140707015991,0.4,1.0
clip_l14,person,llm_brief,5,0.8893173813819886,0.061288778560773464,0.8231226563453674,0.9090457558631897,0.15497502088546752,0.9,0.8,1.0,0.0,0.0,0.0,0.0,1.0,1.0,38.4,25.4,0.8409656286239624,0.9360234141349792,0.4,1.0
clip_l14,person,llm_detailed,5,0.9212437868118286,0.0973438613113452,0.8287774085998535,0.9603103399276733,0.15036411285400392,0.8666666666666666,0.8,1.0,0.0,0.0,0.0,0.0,1.0,1.0,38.4,44.6,0.8335381031036377,0.9711236476898193,0.4,1.0
clip_l14,person,llm_human_description,5,0.8032980680465698,0.2004067807114708,0.6143116116523742,0.893030047416687,0.09202003479003906,0.8153846153846154,0.8,0.8,0.0,0.0,0.0,0.0,1.0,1.0,38.4,44.4,0.6236927509307861,0.9028916835784913,0.4,1.0
clip_l14,vehicle,control_one_fact,5,0.7551643252372742,0.11111121627160986,0.6511222839355468,0.757036566734314,0.0959316372871399,0.8666666666666666,0.8,1.0,0.0,0.0,0.0,0.0,1.0,1.0,25.0,20.4,0.6631739139556885,0.8404847025871277,0.4,1.0
clip_l14,vehicle,control_synonym,5,0.8398334145545959,0.07370536617381601,0.7610532760620117,0.8637122511863708,0.14223943948745726,1.0,1.0,1.0,0.0,0.0,0.0,0.0,1.0,1.0,25.0,20.4,0.7780910015106202,0.8900266051292419,1.0,1.0
clip_l14,vehicle,identity,50,1.0000000071525574,1.0403581582032243e-07,0.9999998807907104,1.0,0.2085870921611786,1.0,1.0,1.0,0.0,0.0,0.0,0.0,1.0,1.0,24.8,24.8,0.9999999785423279,1.0000000369548798,1.0,1.0
clip_l14,vehicle,llm_balanced,5,0.8497459888458252,0.07565867495988784,0.7739524841308594,0.8603262901306152,0.16485100984573364,1.0,1.0,1.0,0.0,0.0,0.0,0.0,1.0,1.0,25.0,20.4,0.7862139701843261,0.9022542238235474,1.0,1.0
clip_l14,vehicle,llm_brief,5,0.7923525452613831,0.08212960364261991,0.7042003870010376,0.8375047445297241,0.020519626140594483,0.7090909090909091,0.6,0.8,0.0,0.0,0.0,0.0,1.0,1.0,25.0,11.2,0.7167341589927674,0.8434122562408447,0.2,1.0
clip_l14,vehicle,llm_detailed,5,0.8472913146018982,0.06995022268456726,0.7719093680381774,0.8622331023216248,0.17568063735961914,1.0,1.0,1.0,0.0,0.0,0.0,0.0,1.0,1.0,25.0,25.4,0.789642333984375,0.8985555052757264,1.0,1.0
clip_l14,vehicle,llm_human_description,5,0.8122987270355224,0.08505979810243446,0.7258410334587098,0.8274052143096924,0.0664597749710083,0.808695652173913,0.8,0.8,0.0,0.0,0.0,0.0,1.0,1.0,25.0,32.4,0.7398790836334228,0.8672686100006104,0.4,1.0
deberta_v3_base_mean_pool,face,control_one_fact,5,0.9514452457427979,0.0159917224608311,0.9345593929290772,0.9586637020111084,-0.015134274959564209,0.058653911285490225,0.0,0.0,0.0,0.0,0.0,0.0,1.0,1.0,239.4,39.0,0.9377254128456116,0.9615374088287354,0.0,0.0
deberta_v3_base_mean_pool,face,control_synonym,3,0.9482248028119405,0.018260136253419913,0.933342969417572,0.9581004977226257,-0.017133355140686035,0.055107855107855104,0.0,0.0,0.0,0.0,0.0,0.0,1.0,1.0,235.33333333333334,34.666666666666664,0.9271535873413086,0.9594203233718872,0.0,0.0
deberta_v3_base_mean_pool,face,identity,50,0.9999999594688416,9.666624032199313e-08,0.9999998211860657,1.0,0.0029545724391937256,1.0,1.0,1.0,0.0,0.0,0.0,0.0,1.0,1.0,207.14,207.14,0.9999999332427979,0.9999999868869781,1.0,1.0
deberta_v3_base_mean_pool,face,llm_balanced,5,0.9491043090820312,0.01839238099345606,0.9306455135345459,0.955991804599762,-0.016545689105987547,0.05896279159437053,0.0,0.0,0.0,0.0,0.0,0.0,1.0,1.0,239.4,39.0,0.9320326805114746,0.959832489490509,0.0,0.0
deberta_v3_base_mean_pool,face,llm_brief,5,0.9306341648101807,0.013613212369986758,0.9189616203308105,0.9297374486923218,-0.017525923252105714,0.1016593572580573,0.0,0.2,0.0,0.0,0.0,0.0,1.0,1.0,239.4,22.4,0.9209723114967346,0.9422495245933533,0.0,0.0
deberta_v3_base_mean_pool,face,llm_detailed,5,0.9782719612121582,0.014319461683271938,0.9630566477775574,0.9832900166511536,-0.010031330585479736,0.07235704037712645,0.0,0.0,0.0,0.0,0.0,0.0,1.0,1.0,239.4,93.4,0.9664915442466736,0.9878601908683777,0.0,0.0
deberta_v3_base_mean_pool,face,llm_human_description,5,0.9240773677825928,0.02435526577536606,0.8990362167358399,0.9306824207305908,-0.026910150051116945,0.04083767141525762,0.0,0.0,0.0,0.0,0.0,0.0,1.0,1.0,239.4,55.2,0.9037084341049194,0.9397046089172363,0.0,0.0
deberta_v3_base_mean_pool,person,control_one_fact,5,0.9863704919815064,0.010796566315967699,0.9763064503669738,0.9831453561782837,-0.0028412580490112306,0.4431623931623932,0.4,0.4,0.0,0.0,0.0,0.0,1.0,1.0,37.0,35.4,0.9779579162597656,0.9947830677032471,0.0,0.8
deberta_v3_base_mean_pool,person,control_synonym,4,0.9825144708156586,0.01148033681196391,0.9735692739486694,0.9794339239597321,-0.004990711808204651,0.3143939393939394,0.25,0.25,0.0,0.0,0.0,0.0,1.0,1.0,38.25,37.5,0.9738361835479736,0.9921417087316513,0.0,0.75
deberta_v3_base_mean_pool,person,identity,50,0.9999999880790711,9.856766380803348e-08,0.9999998807907104,1.0,0.009372994899749756,1.0,1.0,1.0,0.0,0.0,0.0,0.0,1.0,1.0,34.2,34.2,0.9999999630451203,1.0000000143051146,1.0,1.0
deberta_v3_base_mean_pool,person,llm_balanced,5,0.9858852624893188,0.011620959546684576,0.9752266049385071,0.9826224446296692,-0.002503037452697754,0.44861111111111107,0.4,0.4,0.0,0.0,0.0,0.0,1.0,1.0,37.0,35.4,0.9767700076103211,0.9950005173683166,0.0,0.8
deberta_v3_base_mean_pool,person,llm_brief,5,0.9802454710006714,0.009130455319651674,0.9726242303848267,0.9761254787445068,-0.00568772554397583,0.33690476190476193,0.2,0.6,0.0,0.0,0.0,0.0,1.0,1.0,37.0,24.6,0.9735484176874161,0.9877036094665528,0.0,0.6
deberta_v3_base_mean_pool,person,llm_detailed,5,0.9837841868400574,0.010296254229643519,0.9736193776130676,0.9827672243118286,-0.0015799641609191895,0.5166666666666666,0.4,0.6,0.0,0.0,0.0,0.0,1.0,1.0,37.0,43.2,0.9756278991699219,0.9910930633544922,0.0,0.8
deberta_v3_base_mean_pool,person,llm_human_description,5,0.9599228501319885,0.013116987424355724,0.9460386991500854,0.9626990556716919,-0.015691399574279785,0.2461904761904762,0.2,0.2,0.0,0.0,0.0,0.0,1.0,1.0,37.0,44.0,0.9489156427979469,0.9690595626831054,0.0,0.6
deberta_v3_base_mean_pool,vehicle,control_one_fact,5,0.9763755679130555,0.008011217372115664,0.9684358239173889,0.9779776334762573,-0.0020476460456848146,0.6083333333333333,0.4,0.8,0.0,0.0,0.0,0.0,1.0,1.0,24.4,19.2,0.9691242575645447,0.9818911552429199,0.0,0.8
deberta_v3_base_mean_pool,vehicle,control_synonym,5,0.9748526096343995,0.014956753982296364,0.9594356417655945,0.9813311100006104,-0.003831958770751953,0.6447619047619048,0.6,0.8,0.0,0.0,0.0,0.0,1.0,1.0,24.4,19.2,0.9619954228401184,0.9838746786117554,0.2,1.0
deberta_v3_base_mean_pool,vehicle,identity,50,1.0000000047683715,1.1602848666759401e-07,0.9999998807907104,1.0,0.013491672277450562,1.0,1.0,1.0,0.0,0.0,0.0,0.0,1.0,1.0,23.88,23.88,0.9999999737739563,1.0000000393390656,1.0,1.0
deberta_v3_base_mean_pool,vehicle,llm_balanced,5,0.97726469039917,0.007321188089403709,0.9697838306427002,0.9792656898498535,-0.0028257369995117188,0.6064516129032258,0.4,0.8,0.0,0.0,0.0,0.0,1.0,1.0,24.4,19.2,0.9711180713772773,0.9820024371147156,0.0,0.8
deberta_v3_base_mean_pool,vehicle,llm_brief,5,0.9571008443832397,0.00847567918041821,0.9504684448242188,0.9531867504119873,-0.011963760852813721,0.26285714285714284,0.0,0.4,0.0,0.0,0.0,0.0,1.0,1.0,24.4,10.2,0.951236891746521,0.9644159436225891,0.0,0.0
deberta_v3_base_mean_pool,vehicle,llm_detailed,5,0.9771064043045044,0.012117319559303803,0.9652513027191162,0.9831057786941528,-0.003907465934753418,0.6052631578947368,0.4,0.8,0.0,0.0,0.0,0.0,1.0,1.0,24.4,24.2,0.9660399913787842,0.983465313911438,0.0,0.8
deberta_v3_base_mean_pool,vehicle,llm_human_description,5,0.9592532873153686,0.008911158522467795,0.9522102832794189,0.9559098482131958,-0.017871558666229248,0.08405555555555555,0.0,0.0,0.0,0.0,0.0,0.0,1.0,1.0,24.4,31.2,0.9533799409866333,0.9663840293884277,0.0,0.0
eva02_clip_l14,face,control_one_fact,5,0.7189928650856018,0.13158989547692854,0.5899166345596314,0.7051160335540771,-0.00840853452682495,0.4987179487179487,0.4,0.6,1.0,0.0,1.0,0.0,1.0,1.0,252.4,41.0,0.6145906686782837,0.816444742679596,0.0,0.8
eva02_clip_l14,face,control_synonym,3,0.7133023142814636,0.14294331301839175,0.5958630204200744,0.7326791882514954,0.014863153298695883,0.5370370370370371,0.3333333333333333,0.6666666666666666,1.0,0.0,1.0,0.0,1.0,1.0,247.66666666666666,35.333333333333336,0.5616589784622192,0.8455687761306763,0.0,1.0
eva02_clip_l14,face,identity,50,0.99999990940094,3.1128865726680805e-07,0.9999992787837982,1.0,0.06303183436393738,1.0,1.0,1.0,1.0,1.0,1.0,1.0,1.0,1.0,218.38,218.38,0.9999998223483563,0.999999989271164,1.0,1.0
eva02_clip_l14,face,llm_balanced,5,0.73952214717865,0.12834928197223866,0.612061083316803,0.727961003780365,-0.002756392955780029,0.4416666666666666,0.2,0.8,1.0,0.0,1.0,0.0,1.0,1.0,252.4,41.2,0.6431885674595833,0.8303285479545593,0.0,0.6
eva02_clip_l14,face,llm_brief,5,0.7102798223495483,0.1043488661946258,0.6078933477401733,0.6935725212097168,-0.011160933971405029,0.42000000000000004,0.2,1.0,1.0,0.0,1.0,0.0,1.0,1.0,252.4,23.2,0.631681227684021,0.7868833541870117,0.0,0.6
eva02_clip_l14,face,llm_detailed,5,0.828276526927948,0.10903025666336381,0.7161525249481201,0.8485034704208374,0.02024465799331665,0.7,0.6,0.8,1.0,1.0,1.0,1.0,1.0,1.0,252.4,97.0,0.7392196133732796,0.9013031721115112,0.2,1.0
eva02_clip_l14,face,llm_human_description,5,0.7184381246566772,0.1077209168585168,0.6092116713523865,0.755989670753479,-0.007219862937927246,0.5222222222222223,0.4,0.8,1.0,0.0,1.0,0.0,1.0,1.0,252.4,57.0,0.624269425868988,0.7869770407676697,0.0,0.8
eva02_clip_l14,person,control_one_fact,5,0.906663966178894,0.06432376163627126,0.8393538951873779,0.93878173828125,0.1523209571838379,0.9,0.8,1.0,0.0,0.0,0.0,0.0,1.0,1.0,38.4,36.8,0.848396635055542,0.9452144622802734,0.4,1.0
eva02_clip_l14,person,control_synonym,4,0.9646623432636261,0.02410837274505328,0.9463316619396209,0.9597677290439606,0.2231176793575287,1.0,1.0,1.0,0.0,0.0,0.0,0.0,1.0,1.0,39.5,38.75,0.9457555413246155,0.9884637594223022,1.0,1.0
eva02_clip_l14,person,identity,50,1.0000000309944153,1.1751863956053764e-07,0.9999998807907104,1.0,0.24678425788879393,1.0,1.0,1.0,0.0,0.0,0.0,0.0,1.0,1.0,35.32,35.32,0.9999999988079071,1.0000000631809234,1.0,1.0
eva02_clip_l14,person,llm_balanced,5,0.9681163549423217,0.025622359537173085,0.9446148037910461,0.9592882990837097,0.21992801427841185,1.0,1.0,1.0,0.0,0.0,0.0,0.0,1.0,1.0,38.4,36.8,0.9493081212043762,0.9893911242485046,1.0,1.0
eva02_clip_l14,person,llm_brief,5,0.9020233511924743,0.049922796998066205,0.8537674903869629,0.9046312570571899,0.1828487992286682,1.0,1.0,1.0,0.0,0.0,0.0,0.0,1.0,1.0,38.4,25.4,0.8628807410597802,0.9446335452795028,1.0,1.0
eva02_clip_l14,person,llm_detailed,5,0.9610756874084473,0.020605157989312072,0.9398370981216431,0.963594913482666,0.21859443187713623,1.0,1.0,1.0,0.0,0.0,0.0,0.0,1.0,1.0,38.4,44.6,0.9441287159919739,0.9751752376556396,1.0,1.0
eva02_clip_l14,person,llm_human_description,5,0.8948000907897949,0.05930768717986157,0.8388864994049072,0.9192705154418945,0.18357828855514527,1.0,1.0,1.0,0.0,0.0,0.0,0.0,1.0,1.0,38.4,44.4,0.8412365436553955,0.92470627784729,1.0,1.0
eva02_clip_l14,vehicle,control_one_fact,5,0.7824603676795959,0.09652108827696657,0.7021791458129882,0.7483335733413696,0.0984300971031189,0.7666666666666666,0.6,1.0,0.0,0.0,0.0,0.0,1.0,1.0,25.0,20.4,0.7140139818191529,0.8655964374542237,0.2,1.0
eva02_clip_l14,vehicle,control_synonym,5,0.892032778263092,0.04052763844970471,0.8635425567626953,0.8828991651535034,0.17103370428085327,1.0,1.0,1.0,0.0,0.0,0.0,0.0,1.0,1.0,25.0,20.4,0.8641866683959961,0.9291175246238709,1.0,1.0
eva02_clip_l14,vehicle,identity,50,1.0,8.848994837627646e-08,0.9999998807907104,1.0,0.2540568029880524,1.0,1.0,1.0,0.0,0.0,0.0,0.0,1.0,1.0,24.8,24.8,0.9999999749660492,1.0000000226795673,1.0,1.0
eva02_clip_l14,vehicle,llm_balanced,5,0.8937104344367981,0.03603062715863792,0.8668760776519775,0.8863587379455566,0.17301925420761108,1.0,1.0,1.0,0.0,0.0,0.0,0.0,1.0,1.0,25.0,20.4,0.8696725726127624,0.9265857815742493,1.0,1.0
eva02_clip_l14,vehicle,llm_brief,5,0.7968108415603637,0.030016785726388023,0.7678096294403076,0.8016026020050049,0.044452452659606935,0.7666666666666666,0.6,1.0,0.0,0.0,0.0,0.0,1.0,1.0,25.0,11.2,0.7752188205718994,0.8197105169296265,0.2,1.0
eva02_clip_l14,vehicle,llm_detailed,5,0.9058862805366517,0.03643971399087559,0.8664469122886658,0.9159599542617798,0.18250313997268677,1.0,1.0,1.0,0.0,0.0,0.0,0.0,1.0,1.0,25.0,25.4,0.8760427951812744,0.9340671539306641,1.0,1.0
eva02_clip_l14,vehicle,llm_human_description,5,0.8666790962219239,0.022381886375555743,0.8446849942207336,0.8641634583473206,0.1265133261680603,1.0,1.0,1.0,0.0,0.0,0.0,0.0,1.0,1.0,25.0,32.4,0.8497599840164185,0.8839351654052734,1.0,1.0
jina_clip_v2,face,control_one_fact,5,0.8647393107414245,0.034754419281673096,0.8468669414520263,0.8511630296707153,0.0162412166595459,0.5261904761904762,0.4,0.8,0.0,0.0,0.0,0.0,1.0,1.0,320.0,50.4,0.8474741816520691,0.8960326790809632,0.0,0.8
jina_clip_v2,face,control_synonym,3,0.8479545712471008,0.005580496993007142,0.8433143138885498,0.8500649929046631,0.029378612836201985,0.6825396825396824,0.6666666666666666,0.6666666666666666,0.0,0.0,0.0,0.0,1.0,1.0,315.0,43.333333333333336,0.8416266441345215,0.8521720767021179,0.0,1.0
jina_clip_v2,face,identity,50,1.000000021457672,1.5964564787210204e-07,0.9999998807907104,1.0,0.04608949303627014,1.0,1.0,1.0,0.0,0.0,0.0,0.0,1.0,1.0,278.0,278.0,0.9999999797344208,1.0000000643730163,1.0,1.0
jina_clip_v2,face,llm_balanced,5,0.8630017876625061,0.03536587052056945,0.845326590538025,0.848075270652771,0.014085519313812255,0.5261904761904762,0.4,0.8,0.0,0.0,0.0,0.0,1.0,1.0,320.0,50.4,0.8457069754600525,0.8948568105697632,0.0,0.8
jina_clip_v2,face,llm_brief,5,0.7845153093338013,0.07593921089770446,0.7104066252708435,0.7988935112953186,-0.013877451419830322,0.3466666666666667,0.2,0.4,0.0,0.0,0.0,0.0,1.0,1.0,320.0,28.0,0.7183578133583068,0.8343106269836426,0.0,0.6
jina_clip_v2,face,llm_detailed,5,0.9230194211006164,0.01635354828469474,0.9053745985031127,0.9276052713394165,0.007850086688995362,0.6410714285714285,0.6,0.6,0.0,0.0,0.0,0.0,1.0,1.0,320.0,124.0,0.9091348528862,0.9347140073776246,0.2,1.0
jina_clip_v2,face,llm_human_description,5,0.8607334733009339,0.01963612349869774,0.8388916969299316,0.8702978491783142,0.014717030525207519,0.6271929824561403,0.6,0.6,0.0,0.0,0.0,0.0,1.0,1.0,320.0,67.8,0.8447054147720336,0.8743108895421027,0.2,1.0
jina_clip_v2,person,control_one_fact,5,0.9260399341583252,0.06768766188193609,0.8577570438385009,0.9489191174507141,0.04833985567092895,0.8666666666666666,0.8,1.0,0.0,0.0,0.0,0.0,1.0,1.0,47.2,44.4,0.8651883840560913,0.9664125800132751,0.4,1.0
jina_clip_v2,person,control_synonym,4,0.9899301379919052,0.006056375457709072,0.9865060746669769,0.9871698617935181,0.10255071520805359,1.0,1.0,1.0,0.0,0.0,0.0,0.0,1.0,1.0,48.25,47.5,0.9865792095661163,0.9959288537502289,1.0,1.0
jina_clip_v2,person,identity,50,0.9999999904632568,1.3100851990524614e-07,0.9999998807907104,1.0,0.13771327018737792,1.0,1.0,1.0,0.0,0.0,0.0,0.0,1.0,1.0,43.18,43.18,0.99999995470047,1.0000000274181366,1.0,1.0
jina_clip_v2,person,llm_balanced,5,0.9922754764556885,0.005772174708454668,0.9879257559776307,0.9884529709815979,0.09929757118225098,1.0,1.0,1.0,0.0,0.0,0.0,0.0,1.0,1.0,47.2,44.4,0.988071858882904,0.996928870677948,1.0,1.0
jina_clip_v2,person,llm_brief,5,0.9463451027870178,0.03560208476583427,0.9088932037353515,0.9569692611694336,0.07062506675720215,1.0,1.0,1.0,0.0,0.0,0.0,0.0,1.0,1.0,47.2,30.8,0.9147828817367554,0.9711324214935303,1.0,1.0
jina_clip_v2,person,llm_detailed,5,0.9901310563087463,0.005062208978580941,0.9853406190872193,0.9897502660751343,0.10241900682449341,1.0,1.0,1.0,0.0,0.0,0.0,0.0,1.0,1.0,47.2,54.0,0.9860275030136109,0.9940675258636474,1.0,1.0
jina_clip_v2,person,llm_human_description,5,0.96693195104599,0.017595990985807306,0.9486517310142517,0.9721449613571167,0.08691617250442504,1.0,1.0,1.0,0.0,0.0,0.0,0.0,1.0,1.0,47.2,50.8,0.9524360644817352,0.9784044057130813,1.0,1.0
jina_clip_v2,vehicle,control_one_fact,5,0.8717293739318848,0.05989973116842624,0.8266674757003785,0.8540590405464172,0.07296466827392578,0.8285714285714285,0.8,0.8,0.0,0.0,0.0,0.0,1.0,1.0,30.4,24.4,0.8306728959083557,0.9272764801979065,0.4,1.0
jina_clip_v2,vehicle,control_synonym,5,0.9603132963180542,0.013673842788567253,0.9471988916397095,0.9627516269683838,0.13375720977783204,1.0,1.0,1.0,0.0,0.0,0.0,0.0,1.0,1.0,30.4,24.4,0.9501142978668213,0.9705139297246933,1.0,1.0
jina_clip_v2,vehicle,identity,50,1.0000000083446503,1.388798403524839e-07,0.9999998807907104,1.0,0.17201722741127015,1.0,1.0,1.0,0.0,0.0,0.0,0.0,1.0,1.0,30.34,30.34,0.9999999690055847,1.000000046491623,1.0,1.0
jina_clip_v2,vehicle,llm_balanced,5,0.9587589144706726,0.01587130726541905,0.9417666912078857,0.9634004831314087,0.1358047604560852,1.0,1.0,1.0,0.0,0.0,0.0,0.0,1.0,1.0,30.4,24.4,0.9469762563705444,0.9705415725708008,1.0,1.0
jina_clip_v2,vehicle,llm_brief,5,0.903523051738739,0.006428327794060304,0.8978734731674194,0.9034578204154968,0.07999987602233886,0.8,0.6,1.0,0.0,0.0,0.0,0.0,1.0,1.0,30.4,12.2,0.8982428669929504,0.9088820576667785,0.2,1.0
jina_clip_v2,vehicle,llm_detailed,5,0.9706608057022095,0.003210733756249998,0.9676387906074524,0.9696542024612427,0.1337755799293518,1.0,1.0,1.0,0.0,0.0,0.0,0.0,1.0,1.0,30.4,31.2,0.9682037532329559,0.9731177091598511,1.0,1.0
jina_clip_v2,vehicle,llm_human_description,5,0.9531455159187316,0.01013429382650596,0.9423693537712097,0.9551180601119995,0.11696176528930664,1.0,1.0,1.0,0.0,0.0,0.0,0.0,1.0,1.0,30.4,37.8,0.9447287082672119,0.9602869987487793,1.0,1.0
siglip2_b16_224,face,control_one_fact,5,0.8157377600669861,0.06931094183453873,0.7380404710769654,0.8534266352653503,-0.04226727485656738,0.04385524848911576,0.0,0.0,1.0,0.0,1.0,0.0,1.0,1.0,238.8,38.8,0.7574536085128785,0.8664751887321472,0.0,0.0
siglip2_b16_224,face,control_synonym,3,0.8237874507904053,0.04196826601445267,0.7889838099479676,0.832981526851654,-0.0488085945447286,0.02936507936507936,0.0,0.0,1.0,0.0,1.0,0.0,1.0,1.0,233.66666666666666,33.666666666666664,0.7779843807220459,0.8603964447975159,0.0,0.0
siglip2_b16_224,face,identity,50,0.9999999833106995,9.17404283729586e-08,0.9999998807907104,1.0,0.05634233236312866,1.0,1.0,1.0,1.0,1.0,1.0,1.0,1.0,1.0,206.58,206.58,0.9999999594688416,1.0000000083446503,1.0,1.0
siglip2_b16_224,face,llm_balanced,5,0.8278369903564453,0.057723901909112724,0.7638373732566833,0.8546754717826843,-0.041004288196563723,0.04683488421558411,0.0,0.0,1.0,0.0,1.0,0.0,1.0,1.0,238.8,38.8,0.7829182028770447,0.8686058282852173,0.0,0.0
siglip2_b16_224,face,llm_brief,5,0.7858563661575317,0.08104120696269249,0.6981671929359436,0.8066042065620422,-0.04922089576721191,0.04553351573187415,0.0,0.0,1.0,0.0,1.0,0.0,1.0,1.0,238.8,21.6,0.7204036474227905,0.8475107550621033,0.0,0.0
siglip2_b16_224,face,llm_detailed,5,0.9115034222602845,0.019741874184842228,0.8934297323226928,0.909900426864624,-0.016941308975219727,0.23467432950191572,0.0,0.6,1.0,1.0,1.0,1.0,1.0,1.0,238.8,93.2,0.8970345497131348,0.9266473889350891,0.0,0.0
siglip2_b16_224,face,llm_human_description,5,0.8625528573989868,0.03199847248259965,0.8330085515975952,0.8740540742874146,-0.03461753129959107,0.0520527950310559,0.0,0.0,1.0,0.0,1.0,0.0,1.0,1.0,238.8,54.6,0.8332945346832276,0.8798681405186654,0.0,0.0
siglip2_b16_224,person,control_one_fact,5,0.8656362056732178,0.040959426149989285,0.824241292476654,0.8710516691207886,0.05273793935775757,0.7666666666666666,0.6,1.0,0.0,0.0,0.0,0.0,1.0,1.0,37.2,35.6,0.8351162314414978,0.8965167045593262,0.2,1.0
siglip2_b16_224,person,control_synonym,4,0.9089396148920059,0.04062465363916405,0.8840584039688111,0.892381489276886,0.10186126828193665,1.0,1.0,1.0,0.0,0.0,0.0,0.0,1.0,1.0,38.25,37.5,0.8836630880832672,0.9493799358606339,1.0,1.0
siglip2_b16_224,person,identity,50,1.0000000202655792,1.0811638658067614e-07,0.9999998807907104,1.0,0.14430080771446227,1.0,1.0,1.0,0.02,0.02,0.02,0.02,1.0,1.0,34.06,34.06,0.9999999916553497,1.0000000500679016,1.0,1.0
siglip2_b16_224,person,llm_balanced,5,0.9248071312904358,0.05807260457607614,0.8653461813926697,0.9312596321105957,0.10101289749145508,0.9,0.8,1.0,0.0,0.0,0.0,0.0,1.0,1.0,37.2,35.6,0.8814356803894043,0.9701625227928161,0.4,1.0
siglip2_b16_224,person,llm_brief,5,0.8746366739273072,0.06396797154136985,0.8099587202072144,0.8685752153396606,0.05703338384628296,0.9,0.8,1.0,0.0,0.0,0.0,0.0,1.0,1.0,37.2,24.2,0.8261857509613038,0.9230875968933105,0.4,1.0
siglip2_b16_224,person,llm_detailed,5,0.8918559551239014,0.046025578149417906,0.8410481929779052,0.9186542630195618,0.10119842290878296,1.0,1.0,1.0,0.0,0.0,0.0,0.0,1.0,1.0,37.2,43.4,0.8571338772773742,0.9265780329704285,1.0,1.0
siglip2_b16_224,person,llm_human_description,5,0.8567552089691162,0.04269496237411229,0.8087158679962159,0.8795076608657837,0.03501415252685547,0.9,0.8,1.0,0.0,0.0,0.0,0.0,1.0,1.0,37.2,43.8,0.819054388999939,0.888089632987976,0.4,1.0
siglip2_b16_224,vehicle,control_one_fact,5,0.8385428309440612,0.10721513252085435,0.7202942728996277,0.9020390510559082,-0.02526513338088989,0.36666666666666664,0.2,0.6,0.0,0.0,0.0,0.0,1.0,1.0,23.6,18.8,0.7577015161514282,0.9193841457366944,0.0,0.6
siglip2_b16_224,vehicle,control_synonym,5,0.9063858151435852,0.04200584456032064,0.8589715242385865,0.9319398403167725,-0.008509433269500733,0.65,0.4,1.0,0.0,0.0,0.0,0.0,1.0,1.0,23.6,18.8,0.8709863066673279,0.936902117729187,0.0,0.8
siglip2_b16_224,vehicle,identity,50,0.9999999809265137,1.1130833382433033e-07,0.9999998211860657,1.0,0.07058069467544556,1.0,1.0,1.0,0.0,0.0,0.0,0.0,1.0,1.0,23.48,23.48,0.9999999522864819,1.000000010728836,1.0,1.0
siglip2_b16_224,vehicle,llm_balanced,5,0.9026792526245118,0.04780186985251979,0.849510645866394,0.926322340965271,-0.007990884780883788,0.75,0.6,1.0,0.0,0.0,0.0,0.0,1.0,1.0,23.6,18.8,0.8665675640106201,0.9387909412384033,0.2,1.0
siglip2_b16_224,vehicle,llm_brief,5,0.8482053995132446,0.019520702989628685,0.83705632686615,0.840178370475769,-0.048115241527557376,0.09656417112299465,0.0,0.2,0.0,0.0,0.0,0.0,1.0,1.0,23.6,9.8,0.8378948926925659,0.8660902500152587,0.0,0.0
siglip2_b16_224,vehicle,llm_detailed,5,0.9229173302650452,0.016394635730229038,0.907213568687439,0.9209607839584351,-0.0013598799705505371,0.7166666666666666,0.6,1.0,0.0,0.0,0.0,0.0,1.0,1.0,23.6,23.8,0.9105841755867005,0.9364243626594544,0.2,1.0
siglip2_b16_224,vehicle,llm_human_description,5,0.9057283639907837,0.018962817057853493,0.8875682473182678,0.9009318351745605,0.01124356985092163,0.75,0.6,1.0,0.0,0.0,0.0,0.0,1.0,1.0,23.6,30.8,0.8916046619415283,0.9204103112220764,0.2,1.0
