model,domain,variant_type,n,image_cosine_mean,image_margin_mean,image_mrr,image_recall_at_1,image_recall_at_5,matched_identity_cosine_mean,matched_identity_margin_mean,matched_identity_mrr,matched_identity_recall_at_1,matched_identity_recall_at_5,delta_image_cosine,delta_image_margin,delta_image_mrr,delta_image_recall_at_1,delta_image_recall_at_5
altclip,face,control_one_fact,5,0.21561428010463715,0.013729560375213622,0.5900000000000001,0.4,1.0,0.17544160783290863,-0.05095534920692444,0.06131184039503225,0.0,0.0,0.04017267227172852,0.06468490958213806,0.5286881596049678,0.4,1.0
altclip,face,control_synonym,3,0.2397055427233378,0.03226455549399058,0.7777777777777777,0.6666666666666666,1.0,0.1825149953365326,-0.05210788547992706,0.08266178266178266,0.0,0.0,0.05719054738680521,0.08437244097391763,0.695115995115995,0.6666666666666666,1.0
altclip,face,identity,50,0.18799449235200882,-0.03713717848062515,0.18598795549395553,0.08,0.24,0.18799449235200882,-0.03713717848062515,0.18598795549395553,0.08,0.24,0.0,0.0,0.0,0.0,0.0
altclip,face,llm_balanced,5,0.21847654581069947,0.014738833904266358,0.5733333333333334,0.4,1.0,0.17544160783290863,-0.05095534920692444,0.06131184039503225,0.0,0.0,0.043034937977790844,0.0656941831111908,0.5120214929383011,0.4,1.0
altclip,face,llm_brief,5,0.20080161690711976,-0.009468135237693787,0.5233333333333332,0.4,0.8,0.17544160783290863,-0.05095534920692444,0.06131184039503225,0.0,0.0,0.025360009074211126,0.04148721396923065,0.46202149293830097,0.4,0.8
altclip,face,llm_detailed,5,0.17736711204051972,-0.023731374740600587,0.36736111111111114,0.2,0.6,0.17544160783290863,-0.05095534920692444,0.06131184039503225,0.0,0.0,0.0019255042076110895,0.027223974466323853,0.3060492707160789,0.2,0.6
altclip,face,llm_human_description,5,0.21637217104434966,0.012344998121261597,0.5233333333333333,0.4,0.8,0.17544160783290863,-0.05095534920692444,0.06131184039503225,0.0,0.0,0.040930563211441034,0.06330034732818604,0.4620214929383011,0.4,0.8
altclip,person,control_one_fact,5,0.21030199229717256,-0.018741810321807863,0.4066666666666666,0.2,0.6,0.21342572569847107,-0.011736002564430238,0.5081818181818182,0.4,0.8,-0.003123733401298512,-0.007005807757377625,-0.10151515151515156,-0.2,-0.20000000000000007
altclip,person,control_synonym,4,0.2148427478969097,-0.0034388378262519836,0.6458333333333333,0.5,1.0,0.21050745993852615,-0.004617039114236832,0.6125,0.5,1.0,0.00433528795838356,0.001178201287984848,0.033333333333333215,0.0,0.0
altclip,person,identity,50,0.21692276120185852,-0.0044740685820579525,0.5617445507708666,0.4,0.82,0.21692276120185852,-0.0044740685820579525,0.5617445507708666,0.4,0.82,0.0,0.0,0.0,0.0,0.0
altclip,person,llm_balanced,5,0.21659347414970398,-0.011870387196540832,0.5366666666666666,0.4,0.8,0.21342572569847107,-0.011736002564430238,0.5081818181818182,0.4,0.8,0.00316774845123291,-0.00013438463211059432,0.028484848484848446,0.0,0.0
altclip,person,llm_brief,5,0.21003828644752504,-0.011827704310417176,0.48857142857142855,0.4,0.6,0.21342572569847107,-0.011736002564430238,0.5081818181818182,0.4,0.8,-0.003387439250946034,-9.170174598693848e-05,-0.019610389610389634,0.0,-0.20000000000000007
altclip,person,llm_detailed,5,0.2088688552379608,-0.017116013169288635,0.38484848484848483,0.2,0.8,0.21342572569847107,-0.011736002564430238,0.5081818181818182,0.4,0.8,-0.0045568704605102595,-0.005380010604858397,-0.12333333333333335,-0.2,0.0
altclip,person,llm_human_description,5,0.22169060707092286,-0.014953023195266724,0.5366666666666666,0.4,0.8,0.21342572569847107,-0.011736002564430238,0.5081818181818182,0.4,0.8,0.008264881372451793,-0.0032170206308364865,0.028484848484848446,0.0,0.0
altclip,vehicle,control_one_fact,5,0.20520013868808745,-0.009829702973365783,0.5581818181818182,0.4,0.8,0.251575294137001,0.006267917156219482,0.7333333333333334,0.6,0.8,-0.046375155448913574,-0.016097620129585266,-0.17515151515151517,-0.19999999999999996,0.0
altclip,vehicle,control_synonym,5,0.23984792530536653,0.006969219446182251,0.74,0.6,1.0,0.251575294137001,0.006267917156219482,0.7333333333333334,0.6,0.8,-0.0117273688316345,0.0007013022899627691,0.006666666666666599,0.0,0.19999999999999996
altclip,vehicle,identity,50,0.242522212266922,2.3978352546691896e-05,0.6497115836233484,0.52,0.8,0.242522212266922,2.3978352546691896e-05,0.6497115836233484,0.52,0.8,0.0,0.0,0.0,0.0,0.0
altclip,vehicle,llm_balanced,5,0.23256083130836486,0.005329173803329468,0.75,0.6,1.0,0.251575294137001,0.006267917156219482,0.7333333333333334,0.6,0.8,-0.01901446282863617,-0.0009387433528900146,0.016666666666666607,0.0,0.19999999999999996
altclip,vehicle,llm_brief,5,0.23428879976272582,0.0008919060230255127,0.6888888888888889,0.6,0.8,0.251575294137001,0.006267917156219482,0.7333333333333334,0.6,0.8,-0.017286494374275208,-0.00537601113319397,-0.04444444444444451,0.0,0.0
altclip,vehicle,llm_detailed,5,0.2498017281293869,0.005248084664344788,0.74,0.6,1.0,0.251575294137001,0.006267917156219482,0.7333333333333334,0.6,0.8,-0.0017735660076141357,-0.0010198324918746947,0.006666666666666599,0.0,0.19999999999999996
altclip,vehicle,llm_human_description,5,0.2536249101161957,0.0036483526229858397,0.6900000000000001,0.6,1.0,0.251575294137001,0.006267917156219482,0.7333333333333334,0.6,0.8,0.0020496159791946744,-0.0026195645332336426,-0.043333333333333335,0.0,0.19999999999999996
clip_l14,face,control_one_fact,5,0.24721056818962098,0.016980665922164916,0.6799999999999999,0.6,1.0,0.20520817041397094,-0.03277037739753723,0.2877777777777778,0.2,0.4,0.04200239777565004,0.04975104331970215,0.39222222222222214,0.39999999999999997,0.6
clip_l14,face,control_synonym,3,0.2697983682155609,0.04012813170750936,0.8333333333333334,0.6666666666666666,1.0,0.2093433141708374,-0.026793673634529114,0.4185185185185185,0.3333333333333333,0.6666666666666666,0.06045505404472351,0.06692180534203848,0.41481481481481486,0.3333333333333333,0.33333333333333337
clip_l14,face,identity,50,0.2028525847196579,-0.04552747339010239,0.20151935835511015,0.06,0.28,0.2028525847196579,-0.04552747339010239,0.20151935835511015,0.06,0.28,0.0,0.0,0.0,0.0,0.0
clip_l14,face,llm_balanced,5,0.24980096518993378,0.023141178488731384,0.7,0.6,1.0,0.20520817041397094,-0.03277037739753723,0.2877777777777778,0.2,0.4,0.04459279477596284,0.055911555886268616,0.41222222222222216,0.39999999999999997,0.6
clip_l14,face,llm_brief,5,0.22561233937740327,-0.0042010098695755005,0.5166666666666666,0.4,0.6,0.20520817041397094,-0.03277037739753723,0.2877777777777778,0.2,0.4,0.020404168963432334,0.028569367527961728,0.2288888888888888,0.2,0.19999999999999996
clip_l14,face,llm_detailed,5,0.23764410316944123,-0.003611445426940918,0.5376068376068377,0.4,0.6,0.20520817041397094,-0.03277037739753723,0.2877777777777778,0.2,0.4,0.0324359327554703,0.02915893197059631,0.2498290598290599,0.2,0.19999999999999996
clip_l14,face,llm_human_description,5,0.25482399463653566,0.011621588468551635,0.6,0.4,0.8,0.20520817041397094,-0.03277037739753723,0.2877777777777778,0.2,0.4,0.04961582422256472,0.044391965866088866,0.3122222222222222,0.2,0.4
clip_l14,person,control_one_fact,5,0.2375228524208069,-0.03629445433616638,0.20176470588235293,0.0,0.4,0.25808419585227965,-0.02981809973716736,0.21555555555555556,0.0,0.6,-0.020561343431472756,-0.006476354598999024,-0.013790849673202626,0.0,-0.19999999999999996
clip_l14,person,control_synonym,4,0.2380378507077694,-0.026195693761110306,0.29006410256410253,0.0,0.75,0.25573698431253433,-0.026477940380573273,0.24166666666666664,0.0,0.75,-0.01769913360476494,0.0002822466194629669,0.04839743589743589,0.0,0.0
clip_l14,person,identity,50,0.2625870430469513,-0.01636776179075241,0.4160702154200501,0.26,0.6,0.2625870430469513,-0.01636776179075241,0.4160702154200501,0.26,0.6,0.0,0.0,0.0,0.0,0.0
clip_l14,person,llm_balanced,5,0.24192364513874054,-0.030178242921829225,0.25427350427350426,0.0,0.6,0.25808419585227965,-0.02981809973716736,0.21555555555555556,0.0,0.6,-0.016160550713539112,-0.00036014318466186593,0.0387179487179487,0.0,0.0
clip_l14,person,llm_brief,5,0.24609610736370086,-0.027006524801254272,0.20634920634920634,0.0,0.2,0.25808419585227965,-0.02981809973716736,0.21555555555555556,0.0,0.6,-0.011988088488578796,0.0028115749359130873,-0.009206349206349218,0.0,-0.39999999999999997
clip_l14,person,llm_detailed,5,0.2485153079032898,-0.02839745283126831,0.24722222222222223,0.0,0.6,0.25808419585227965,-0.02981809973716736,0.21555555555555556,0.0,0.6,-0.009568887948989857,0.0014206469058990479,0.031666666666666676,0.0,0.0
clip_l14,person,llm_human_description,5,0.2638252913951874,-0.023835647106170654,0.3674603174603175,0.2,0.4,0.25808419585227965,-0.02981809973716736,0.21555555555555556,0.0,0.6,0.005741095542907748,0.0059824526309967055,0.15190476190476193,0.2,-0.19999999999999996
clip_l14,vehicle,control_one_fact,5,0.21996251344680787,-0.01954064667224884,0.5424242424242424,0.4,0.6,0.2533194005489349,-0.004347026348114014,0.6285714285714286,0.4,0.8,-0.03335688710212706,-0.015193620324134828,-0.0861471861471862,0.0,-0.20000000000000007
clip_l14,vehicle,control_synonym,5,0.24565740525722504,-0.007918474078178406,0.6066666666666667,0.4,1.0,0.2533194005489349,-0.004347026348114014,0.6285714285714286,0.4,0.8,-0.007661995291709883,-0.003571447730064393,-0.02190476190476187,0.0,0.19999999999999996
clip_l14,vehicle,identity,50,0.24707474172115326,-0.00331908643245697,0.5683614718614718,0.4,0.74,0.24707474172115326,-0.00331908643245697,0.5683614718614718,0.4,0.74,0.0,0.0,0.0,0.0,0.0
clip_l14,vehicle,llm_balanced,5,0.24222936928272248,-0.013928928971290588,0.6222222222222222,0.4,0.8,0.2533194005489349,-0.004347026348114014,0.6285714285714286,0.4,0.8,-0.011090031266212441,-0.009581902623176574,-0.006349206349206327,0.0,0.0
clip_l14,vehicle,llm_brief,5,0.24248661398887633,-0.009746009111404419,0.482051282051282,0.2,0.8,0.2533194005489349,-0.004347026348114014,0.6285714285714286,0.4,0.8,-0.010832786560058594,-0.005398982763290405,-0.14652014652014655,-0.2,0.0
clip_l14,vehicle,llm_detailed,5,0.26055080592632296,-0.0030891746282577515,0.6333333333333334,0.4,0.8,0.2533194005489349,-0.004347026348114014,0.6285714285714286,0.4,0.8,0.007231405377388034,0.0012578517198562622,0.004761904761904856,0.0,0.0
clip_l14,vehicle,llm_human_description,5,0.2594336479902267,-0.007585087418556213,0.6066666666666667,0.4,1.0,0.2533194005489349,-0.004347026348114014,0.6285714285714286,0.4,0.8,0.006114247441291798,-0.0032380610704421994,-0.02190476190476187,0.0,0.19999999999999996
eva02_clip_l14,face,control_one_fact,5,0.21411062479019166,-0.001443934440612793,0.461038961038961,0.4,0.4,0.16437337696552276,-0.05028423070907593,0.14742581090407175,0.0,0.2,0.0497372478246689,0.04884029626846314,0.3136131501348893,0.4,0.2
eva02_clip_l14,face,control_synonym,3,0.24121766289075217,0.029874215523401897,0.6842105263157894,0.6666666666666666,0.6666666666666666,0.16417130331198374,-0.044196322560310364,0.1996779388083736,0.0,0.3333333333333333,0.07704635957876843,0.07407053808371226,0.4845325875074158,0.6666666666666666,0.3333333333333333
eva02_clip_l14,face,identity,50,0.177058447599411,-0.03608352541923523,0.21606110734529765,0.08,0.36,0.177058447599411,-0.03608352541923523,0.21606110734529765,0.08,0.36,0.0,0.0,0.0,0.0,0.0
eva02_clip_l14,face,llm_balanced,5,0.21800871193408966,0.005104485154151917,0.4705263157894737,0.4,0.6,0.16437337696552276,-0.05028423070907593,0.14742581090407175,0.0,0.2,0.0536353349685669,0.05538871586322785,0.32310050488540193,0.4,0.39999999999999997
eva02_clip_l14,face,llm_brief,5,0.19557078182697296,-0.017890843749046325,0.3211490264121843,0.2,0.4,0.16437337696552276,-0.05028423070907593,0.14742581090407175,0.0,0.2,0.0311974048614502,0.03239338696002961,0.17372321550811254,0.2,0.2
eva02_clip_l14,face,llm_detailed,5,0.19852455258369445,-0.021180132031440736,0.4365151515151515,0.4,0.4,0.16437337696552276,-0.05028423070907593,0.14742581090407175,0.0,0.2,0.034151175618171686,0.029104098677635193,0.28908934061107977,0.4,0.2
eva02_clip_l14,face,llm_human_description,5,0.2195668637752533,0.0008418619632720947,0.47333333333333333,0.4,0.6,0.16437337696552276,-0.05028423070907593,0.14742581090407175,0.0,0.2,0.055193486809730546,0.05112609267234802,0.3259075224292616,0.4,0.39999999999999997
eva02_clip_l14,person,control_one_fact,5,0.240661358833313,-0.029513621330261232,0.335,0.2,0.6,0.2523468226194382,-0.021227845549583436,0.5,0.4,0.6,-0.0116854637861252,-0.008285775780677795,-0.16499999999999998,-0.2,0.0
eva02_clip_l14,person,control_synonym,4,0.2421237900853157,-0.02193291485309601,0.5454545454545454,0.5,0.5,0.24305320903658867,-0.019832130521535873,0.5416666666666666,0.5,0.5,-0.0009294189512729645,-0.002100784331560135,0.0037878787878787845,0.0,0.0
eva02_clip_l14,person,identity,50,0.25253801673650744,-0.005392938852310181,0.5720196078431372,0.44,0.74,0.25253801673650744,-0.005392938852310181,0.5720196078431372,0.44,0.74,0.0,0.0,0.0,0.0,0.0
eva02_clip_l14,person,llm_balanced,5,0.251808175444603,-0.023251280188560486,0.5015151515151515,0.4,0.6,0.2523468226194382,-0.021227845549583436,0.5,0.4,0.6,-0.0005386471748352051,-0.0020234346389770494,0.0015151515151514694,0.0,0.0
eva02_clip_l14,person,llm_brief,5,0.24746931493282318,-0.0237416535615921,0.4095238095238095,0.2,0.6,0.2523468226194382,-0.021227845549583436,0.5,0.4,0.6,-0.004877507686615018,-0.002513808012008664,-0.09047619047619049,-0.2,0.0
eva02_clip_l14,person,llm_detailed,5,0.24745759665966033,-0.020294833183288574,0.5015151515151515,0.4,0.6,0.2523468226194382,-0.021227845549583436,0.5,0.4,0.6,-0.004889225959777865,0.0009330123662948629,0.0015151515151514694,0.0,0.0
eva02_clip_l14,person,llm_human_description,5,0.26902791261672976,-0.011853203177452087,0.500952380952381,0.4,0.6,0.2523468226194382,-0.021227845549583436,0.5,0.4,0.6,0.016681089997291565,0.009374642372131349,0.0009523809523810378,0.0,0.0
eva02_clip_l14,vehicle,control_one_fact,5,0.243440705537796,0.00894176959991455,0.6376623376623376,0.6,0.6,0.271746963262558,0.023579370975494385,0.6166666666666666,0.4,1.0,-0.028306257724761974,-0.014637601375579835,0.020995670995671012,0.19999999999999996,-0.4
eva02_clip_l14,vehicle,control_synonym,5,0.26918081045150755,0.027340519428253173,0.7166666666666667,0.6,1.0,0.271746963262558,0.023579370975494385,0.6166666666666666,0.4,1.0,-0.0025661528110504372,0.0037611484527587877,0.10000000000000009,0.19999999999999996,0.0
eva02_clip_l14,vehicle,identity,50,0.26320509880781173,0.014030897915363312,0.7201666666666668,0.58,0.94,0.26320509880781173,0.014030897915363312,0.7201666666666668,0.58,0.94,0.0,0.0,0.0,0.0,0.0
eva02_clip_l14,vehicle,llm_balanced,5,0.26454793810844424,0.026164409518241883,0.7066666666666668,0.6,1.0,0.271746963262558,0.023579370975494385,0.6166666666666666,0.4,1.0,-0.007199025154113747,0.0025850385427474976,0.09000000000000019,0.19999999999999996,0.0
eva02_clip_l14,vehicle,llm_brief,5,0.26992043256759646,0.01846596598625183,0.6900000000000001,0.6,1.0,0.271746963262558,0.023579370975494385,0.6166666666666666,0.4,1.0,-0.0018265306949615256,-0.005113404989242554,0.07333333333333347,0.19999999999999996,0.0
eva02_clip_l14,vehicle,llm_detailed,5,0.2738314032554626,0.023677122592926026,0.6333333333333334,0.4,1.0,0.271746963262558,0.023579370975494385,0.6166666666666666,0.4,1.0,0.002084439992904641,9.775161743164062e-05,0.01666666666666683,0.0,0.0
eva02_clip_l14,vehicle,llm_human_description,5,0.288153475522995,0.021739184856414795,0.7166666666666666,0.6,1.0,0.271746963262558,0.023579370975494385,0.6166666666666666,0.4,1.0,0.01640651226043699,-0.0018401861190795905,0.09999999999999998,0.19999999999999996,0.0
jina_clip_v2,face,control_one_fact,5,0.32870190143585204,-0.0220528244972229,0.43472222222222223,0.2,0.6,0.31054542660713197,-0.0179996132850647,0.4885714285714286,0.4,0.6,0.01815647482872007,-0.004053211212158202,-0.05384920634920637,-0.2,0.0
jina_clip_v2,face,control_synonym,3,0.3500679135322571,0.00783306360244751,0.6666666666666666,0.3333333333333333,1.0,0.32152120272318524,-0.0010026196638743083,0.7142857142857143,0.6666666666666666,0.6666666666666666,0.02854671080907184,0.008835683266321817,-0.04761904761904767,-0.3333333333333333,0.33333333333333337
jina_clip_v2,face,identity,50,0.31368633806705476,-0.019123232960700988,0.3601946368446368,0.24,0.5,0.31368633806705476,-0.019123232960700988,0.3601946368446368,0.24,0.5,0.0,0.0,0.0,0.0,0.0
jina_clip_v2,face,llm_balanced,5,0.32720104455947874,-0.021509194374084474,0.4276190476190476,0.2,0.6,0.31054542660713197,-0.0179996132850647,0.4885714285714286,0.4,0.6,0.01665561795234677,-0.0035095810890197754,-0.06095238095238098,-0.2,0.0
jina_clip_v2,face,llm_brief,5,0.3091424465179443,-0.04754235148429871,0.4354978354978355,0.4,0.4,0.31054542660713197,-0.0179996132850647,0.4885714285714286,0.4,0.6,-0.0014029800891876554,-0.02954273819923401,-0.053073593073593106,0.0,-0.19999999999999996
jina_clip_v2,face,llm_detailed,5,0.3035919576883316,-0.025122055411338808,0.45707070707070707,0.4,0.4,0.31054542660713197,-0.0179996132850647,0.4885714285714286,0.4,0.6,-0.006953468918800387,-0.007122442126274109,-0.03150072150072153,0.0,-0.19999999999999996
jina_clip_v2,face,llm_human_description,5,0.32359322905540466,-0.017353296279907227,0.4914786967418546,0.4,0.6,0.31054542660713197,-0.0179996132850647,0.4885714285714286,0.4,0.6,0.013047802448272694,0.0006463170051574721,0.002907268170426025,0.0,0.0
jina_clip_v2,person,control_one_fact,5,0.27378960847854616,-0.042239314317703246,0.2816123188405797,0.0,0.6,0.29934434294700624,-0.03769686222076416,0.4416666666666666,0.2,0.6,-0.025554734468460072,-0.004542452096939084,-0.1600543478260869,-0.2,0.0
jina_clip_v2,person,control_synonym,4,0.2934674695134163,-0.038328513503074646,0.4483695652173913,0.25,0.75,0.2836163714528084,-0.0427374392747879,0.4270833333333333,0.25,0.5,0.00985109806060791,0.004408925771713257,0.021286231884057982,0.0,0.25
jina_clip_v2,person,identity,50,0.29398557275533677,-0.022174489200115204,0.4627417313058883,0.32,0.66,0.29398557275533677,-0.022174489200115204,0.4627417313058883,0.32,0.66,0.0,0.0,0.0,0.0,0.0
jina_clip_v2,person,llm_balanced,5,0.3075641095638275,-0.035332709550857544,0.4583333333333333,0.2,0.8,0.29934434294700624,-0.03769686222076416,0.4416666666666666,0.2,0.6,0.008219766616821278,0.0023641526699066176,0.01666666666666672,0.0,0.20000000000000007
jina_clip_v2,person,llm_brief,5,0.3164613485336304,-0.02881307601928711,0.44869565217391305,0.2,0.8,0.29934434294700624,-0.03769686222076416,0.4416666666666666,0.2,0.6,0.017117005586624157,0.008883786201477051,0.007028985507246455,0.0,0.20000000000000007
jina_clip_v2,person,llm_detailed,5,0.2976503729820251,-0.03510485291481018,0.4420289855072464,0.2,0.6,0.29934434294700624,-0.03769686222076416,0.4416666666666666,0.2,0.6,-0.0016939699649811124,0.0025920093059539837,0.00036231884057980057,0.0,0.0
jina_clip_v2,person,llm_human_description,5,0.3048732727766037,-0.038342061638832095,0.42618181818181816,0.2,0.6,0.29934434294700624,-0.03769686222076416,0.4416666666666666,0.2,0.6,0.005528929829597462,-0.0006451994180679335,-0.015484848484848435,0.0,0.0
jina_clip_v2,vehicle,control_one_fact,5,0.30028427243232725,-0.03526757955551148,0.435406162464986,0.4,0.4,0.35707405805587766,0.011277425289154052,0.535978835978836,0.4,0.6,-0.056789785623550415,-0.04654500484466553,-0.10057267351385002,0.0,-0.19999999999999996
jina_clip_v2,vehicle,control_synonym,5,0.3581540584564209,0.004856836795806885,0.5311111111111111,0.4,0.6,0.35707405805587766,0.011277425289154052,0.535978835978836,0.4,0.6,0.001080000400543235,-0.0064205884933471674,-0.00486772486772491,0.0,0.0
jina_clip_v2,vehicle,identity,50,0.36490252435207365,0.019400418400764466,0.6886870525988174,0.56,0.84,0.36490252435207365,0.019400418400764466,0.6886870525988174,0.56,0.84,0.0,0.0,0.0,0.0,0.0
jina_clip_v2,vehicle,llm_balanced,5,0.35221883058547976,0.004153746366500855,0.5287081339712919,0.4,0.6,0.35707405805587766,0.011277425289154052,0.535978835978836,0.4,0.6,-0.004855227470397905,-0.007123678922653197,-0.007270702007544094,0.0,0.0
jina_clip_v2,vehicle,llm_brief,5,0.35435053110122683,-0.0009806632995605468,0.5355263157894737,0.4,0.6,0.35707405805587766,0.011277425289154052,0.535978835978836,0.4,0.6,-0.0027235269546508345,-0.012258088588714598,-0.0004525201893622599,0.0,0.0
jina_clip_v2,vehicle,llm_detailed,5,0.3607128083705902,0.005019462108612061,0.5336956521739131,0.4,0.6,0.35707405805587766,0.011277425289154052,0.535978835978836,0.4,0.6,0.0036387503147125577,-0.006257963180541991,-0.0022831838049228725,0.0,0.0
jina_clip_v2,vehicle,llm_human_description,5,0.366665118932724,0.009087127447128297,0.5309178743961354,0.4,0.6,0.35707405805587766,0.011277425289154052,0.535978835978836,0.4,0.6,0.009591060876846358,-0.0021902978420257554,-0.0050609615827006404,0.0,0.0
siglip2_b16_224,face,control_one_fact,5,0.12400055974721909,-0.005308793485164642,0.445,0.4,0.4,0.07949955910444259,-0.03178644776344299,0.06882385730211817,0.0,0.0,0.0445010006427765,0.026477654278278348,0.37617614269788185,0.4,0.4
siglip2_b16_224,face,control_synonym,3,0.12413258602221806,-0.0027458791931470237,0.37777777777777777,0.3333333333333333,0.3333333333333333,0.08047049740950267,-0.025496820608774822,0.09188034188034187,0.0,0.0,0.043662088612715394,0.0227509414156278,0.2858974358974359,0.3333333333333333,0.3333333333333333
siglip2_b16_224,face,identity,50,0.07807240545749665,-0.0360844860970974,0.10196375549863555,0.02,0.12,0.07807240545749665,-0.0360844860970974,0.10196375549863555,0.02,0.12,0.0,0.0,0.0,0.0,0.0
siglip2_b16_224,face,llm_balanced,5,0.12639195173978807,-0.004787714779376983,0.44333333333333336,0.4,0.4,0.07949955910444259,-0.03178644776344299,0.06882385730211817,0.0,0.0,0.046892392635345476,0.026998732984066007,0.3745094760312152,0.4,0.4
siglip2_b16_224,face,llm_brief,5,0.11784175187349319,-0.01674535721540451,0.27047119547119547,0.2,0.2,0.07949955910444259,-0.03178644776344299,0.06882385730211817,0.0,0.0,0.0383421927690506,0.015041090548038483,0.20164733816907732,0.2,0.2
siglip2_b16_224,face,llm_detailed,5,0.0832040250301361,-0.030346283316612245,0.251030578898226,0.2,0.2,0.07949955910444259,-0.03178644776344299,0.06882385730211817,0.0,0.0,0.003704465925693512,0.0014401644468307467,0.18220672159610785,0.2,0.2
siglip2_b16_224,face,llm_human_description,5,0.10859751105308532,-0.016751664876937866,0.30769230769230765,0.2,0.4,0.07949955910444259,-0.03178644776344299,0.06882385730211817,0.0,0.0,0.02909795194864273,0.015034782886505126,0.2388684503901895,0.2,0.4
siglip2_b16_224,person,control_one_fact,5,0.12299119979143143,-0.023761993646621703,0.35272727272727267,0.2,0.8,0.1351347401738167,-0.009101571142673492,0.5458333333333333,0.4,0.8,-0.012143540382385257,-0.01466042250394821,-0.19310606060606061,-0.2,0.0
siglip2_b16_224,person,control_synonym,4,0.13175333850085735,-0.005395788699388504,0.6025641025641025,0.5,0.75,0.12968269921839237,-0.008717754855751991,0.5989583333333333,0.5,0.75,0.002070639282464981,0.0033219661563634872,0.0036057692307692735,0.0,0.0
siglip2_b16_224,person,identity,50,0.1387074974179268,-0.00011289551854133606,0.6347103674103675,0.52,0.76,0.1387074974179268,-0.00011289551854133606,0.6347103674103675,0.52,0.76,0.0,0.0,0.0,0.0,0.0
siglip2_b16_224,person,llm_balanced,5,0.13753795474767685,-0.006927086412906647,0.5333333333333333,0.4,0.8,0.1351347401738167,-0.009101571142673492,0.5458333333333333,0.4,0.8,0.0024032145738601685,0.002174484729766845,-0.012499999999999956,0.0,0.0
siglip2_b16_224,person,llm_brief,5,0.1524406611919403,-0.012089622020721436,0.42333333333333334,0.2,1.0,0.1351347401738167,-0.009101571142673492,0.5458333333333333,0.4,0.8,0.017305921018123616,-0.002988050878047944,-0.12249999999999994,-0.2,0.19999999999999996
siglip2_b16_224,person,llm_detailed,5,0.12467626184225082,-0.011693012714385987,0.4515151515151515,0.2,0.8,0.1351347401738167,-0.009101571142673492,0.5458333333333333,0.4,0.8,-0.010458478331565865,-0.002591441571712495,-0.0943181818181818,-0.2,0.0
siglip2_b16_224,person,llm_human_description,5,0.1295122817158699,-0.00961201936006546,0.39,0.2,0.8,0.1351347401738167,-0.009101571142673492,0.5458333333333333,0.4,0.8,-0.0056224584579467884,-0.0005104482173919674,-0.15583333333333327,-0.2,0.0
siglip2_b16_224,vehicle,control_one_fact,5,0.09366923421621323,-0.05010422617197037,0.054528619528619524,0.0,0.0,0.11143980920314789,-0.015002982318401336,0.1603174603174603,0.0,0.2,-0.017770574986934656,-0.03510124385356903,-0.10578884078884078,0.0,-0.2
siglip2_b16_224,vehicle,control_synonym,5,0.1116891548037529,-0.023581261932849883,0.11094497607655503,0.0,0.2,0.11143980920314789,-0.015002982318401336,0.1603174603174603,0.0,0.2,0.0002493456006050082,-0.008578279614448547,-0.049372484240905276,0.0,0.0
siglip2_b16_224,vehicle,identity,50,0.10873114541172982,-0.011421024948358536,0.33266662706058986,0.22,0.44,0.10873114541172982,-0.011421024948358536,0.33266662706058986,0.22,0.44,0.0,0.0,0.0,0.0,0.0
siglip2_b16_224,vehicle,llm_balanced,5,0.1096816286444664,-0.024932137131690978,0.10161319073083779,0.0,0.2,0.11143980920314789,-0.015002982318401336,0.1603174603174603,0.0,0.2,-0.001758180558681488,-0.009929154813289641,-0.05870426958662252,0.0,0.0
siglip2_b16_224,vehicle,llm_brief,5,0.10185257792472839,-0.022781600058078767,0.09457103123662816,0.0,0.2,0.11143980920314789,-0.015002982318401336,0.1603174603174603,0.0,0.2,-0.009587231278419497,-0.00777861773967743,-0.06574642908083214,0.0,0.0
siglip2_b16_224,vehicle,llm_detailed,5,0.11772270053625107,-0.018845610320568085,0.10930226636108989,0.0,0.2,0.11143980920314789,-0.015002982318401336,0.1603174603174603,0.0,0.2,0.006282891333103183,-0.0038426280021667484,-0.051015193956370414,0.0,0.0
siglip2_b16_224,vehicle,llm_human_description,5,0.1436923027038574,-0.009940680861473084,0.2633333333333333,0.0,0.8,0.11143980920314789,-0.015002982318401336,0.1603174603174603,0.0,0.2,0.03225249350070952,0.005062301456928252,0.103015873015873,0.0,0.6000000000000001
